CDT_time,bar_fence,T_3m,Td_3m,RH_3m,P_3m,Spd_3m,raina_3m,preciptype_3m,rainr_3m,Ad_3m
18:00:30,|,NaN,NaN,NaN,NaN,NaN,NaN,NaN,NaN,NaN
18:01:30,|,NaN,NaN,NaN,NaN,NaN,NaN,NaN,NaN,NaN
18:02:30,|,NaN,NaN,NaN,NaN,NaN,NaN,NaN,NaN,NaN
18:03:30,|,NaN,NaN,NaN,NaN,NaN,NaN,NaN,NaN,NaN
18:04:30,|,NaN,NaN,NaN,NaN,NaN,NaN,NaN,NaN,NaN
18:05:30,|,NaN,NaN,NaN,NaN,NaN,NaN,NaN,NaN,NaN
18:06:30,|,NaN,NaN,NaN,NaN,NaN,NaN,NaN,NaN,NaN
18:07:30,|,NaN,NaN,NaN,NaN,NaN,NaN,NaN,NaN,NaN
18:08:30,|,NaN,NaN,NaN,NaN,NaN,NaN,NaN,NaN,NaN
18:09:30,|,NaN,NaN,NaN,NaN,NaN,NaN,NaN,NaN,NaN
18:10:30,|,NaN,NaN,NaN,NaN,NaN,NaN,NaN,NaN,NaN
18:11:30,|,NaN,NaN,NaN,NaN,NaN,NaN,NaN,NaN,NaN
18:12:30,|,NaN,NaN,NaN,NaN,NaN,NaN,NaN,NaN,NaN
18:13:30,|,NaN,NaN,NaN,NaN,NaN,NaN,NaN,NaN,NaN
18:14:30,|,NaN,NaN,NaN,NaN,NaN,NaN,NaN,NaN,NaN
18:15:30,|,NaN,NaN,NaN,NaN,NaN,NaN,NaN,NaN,NaN
18:16:30,|,NaN,NaN,NaN,NaN,NaN,NaN,NaN,NaN,NaN
18:17:30,|,NaN,NaN,NaN,NaN,NaN,NaN,NaN,NaN,NaN
18:18:30,|,NaN,NaN,NaN,NaN,NaN,NaN,NaN,NaN,NaN
18:19:30,|,NaN,NaN,NaN,NaN,NaN,NaN,NaN,NaN,NaN
18:20:30,|,NaN,NaN,NaN,NaN,NaN,NaN,NaN,NaN,NaN
18:21:30,|,NaN,NaN,NaN,NaN,NaN,NaN,NaN,NaN,NaN
18:22:30,|,NaN,NaN,NaN,NaN,NaN,NaN,NaN,NaN,NaN
18:23:30,|,NaN,NaN,NaN,NaN,NaN,NaN,NaN,NaN,NaN
18:24:30,|,NaN,NaN,NaN,NaN,NaN,NaN,NaN,NaN,NaN
18:25:30,|,NaN,NaN,NaN,NaN,NaN,NaN,NaN,NaN,NaN
18:26:30,|,NaN,NaN,NaN,NaN,NaN,NaN,NaN,NaN,NaN
18:27:30,|,NaN,NaN,NaN,NaN,NaN,NaN,NaN,NaN,NaN
18:28:30,|,NaN,NaN,NaN,NaN,NaN,NaN,NaN,NaN,NaN
18:29:30,|,NaN,NaN,NaN,NaN,NaN,NaN,NaN,NaN,NaN
18:30:30,|,NaN,NaN,NaN,NaN,NaN,NaN,NaN,NaN,NaN
18:31:30,|,NaN,NaN,NaN,NaN,NaN,NaN,NaN,NaN,NaN
18:32:30,|,NaN,NaN,NaN,NaN,NaN,NaN,NaN,NaN,NaN
18:33:30,|,NaN,NaN,NaN,NaN,NaN,NaN,NaN,NaN,NaN
18:34:30,|,NaN,NaN,NaN,NaN,NaN,NaN,NaN,NaN,NaN
18:35:30,|,NaN,NaN,NaN,NaN,NaN,NaN,NaN,NaN,NaN
18:36:30,|,NaN,NaN,NaN,NaN,NaN,NaN,NaN,NaN,NaN
18:37:30,|,NaN,NaN,NaN,NaN,NaN,NaN,NaN,NaN,NaN
18:38:30,|,NaN,NaN,NaN,NaN,NaN,NaN,NaN,NaN,NaN
18:39:30,|,NaN,NaN,NaN,NaN,NaN,NaN,NaN,NaN,NaN
18:40:30,|,NaN,NaN,NaN,NaN,NaN,NaN,NaN,NaN,NaN
18:41:30,|,NaN,NaN,NaN,NaN,NaN,NaN,NaN,NaN,NaN
18:42:30,|,NaN,NaN,NaN,NaN,NaN,NaN,NaN,NaN,NaN
18:43:30,|,NaN,NaN,NaN,NaN,NaN,NaN,NaN,NaN,NaN
18:44:30,|,NaN,NaN,NaN,NaN,NaN,NaN,NaN,NaN,NaN
18:45:30,|,NaN,NaN,NaN,NaN,NaN,NaN,NaN,NaN,NaN
18:46:30,|,NaN,NaN,NaN,NaN,NaN,NaN,NaN,NaN,NaN
18:47:30,|,NaN,NaN,NaN,NaN,NaN,NaN,NaN,NaN,NaN
18:48:30,|,NaN,NaN,NaN,NaN,NaN,NaN,NaN,NaN,NaN
18:49:30,|,NaN,NaN,NaN,NaN,NaN,NaN,NaN,NaN,NaN
18:50:30,|,NaN,NaN,NaN,NaN,NaN,NaN,NaN,NaN,NaN
18:51:30,|,NaN,NaN,NaN,NaN,NaN,NaN,NaN,NaN,NaN
18:52:30,|,NaN,NaN,NaN,NaN,NaN,NaN,NaN,NaN,NaN
18:53:30,|,NaN,NaN,NaN,NaN,NaN,NaN,NaN,NaN,NaN
18:54:30,|,NaN,NaN,NaN,NaN,NaN,NaN,NaN,NaN,NaN
18:55:30,|,NaN,NaN,NaN,NaN,NaN,NaN,NaN,NaN,NaN
18:56:30,|,NaN,NaN,NaN,NaN,NaN,NaN,NaN,NaN,NaN
18:57:30,|,NaN,NaN,NaN,NaN,NaN,NaN,NaN,NaN,NaN
18:58:30,|,NaN,NaN,NaN,NaN,NaN,NaN,NaN,NaN,NaN
18:59:30,|,NaN,NaN,NaN,NaN,NaN,NaN,NaN,NaN,NaN
19:00:30,|,NaN,NaN,NaN,NaN,NaN,NaN,NaN,NaN,NaN
19:01:30,|,NaN,NaN,NaN,NaN,NaN,NaN,NaN,NaN,NaN
19:02:30,|,NaN,NaN,NaN,NaN,NaN,NaN,NaN,NaN,NaN
19:03:30,|,NaN,NaN,NaN,NaN,NaN,NaN,NaN,NaN,NaN
19:04:30,|,NaN,NaN,NaN,NaN,NaN,NaN,NaN,NaN,NaN
19:05:30,|,NaN,NaN,NaN,NaN,NaN,NaN,NaN,NaN,NaN
19:06:30,|,NaN,NaN,NaN,NaN,NaN,NaN,NaN,NaN,NaN
19:07:30,|,NaN,NaN,NaN,NaN,NaN,NaN,NaN,NaN,NaN
19:08:30,|,NaN,NaN,NaN,NaN,NaN,NaN,NaN,NaN,NaN
19:09:30,|,NaN,NaN,NaN,NaN,NaN,NaN,NaN,NaN,NaN
19:10:30,|,NaN,NaN,NaN,NaN,NaN,NaN,NaN,NaN,NaN
19:11:30,|,NaN,NaN,NaN,NaN,NaN,NaN,NaN,NaN,NaN
19:12:30,|,NaN,NaN,NaN,NaN,NaN,NaN,NaN,NaN,NaN
19:13:30,|,NaN,NaN,NaN,NaN,NaN,NaN,NaN,NaN,NaN
19:14:30,|,NaN,NaN,NaN,NaN,NaN,NaN,NaN,NaN,NaN
19:15:30,|,NaN,NaN,NaN,NaN,NaN,NaN,NaN,NaN,NaN
19:16:30,|,NaN,NaN,NaN,NaN,NaN,NaN,NaN,NaN,NaN
19:17:30,|,NaN,NaN,NaN,NaN,NaN,NaN,NaN,NaN,NaN
19:18:30,|,NaN,NaN,NaN,NaN,NaN,NaN,NaN,NaN,NaN
19:19:30,|,NaN,NaN,NaN,NaN,NaN,NaN,NaN,NaN,NaN
19:20:30,|,NaN,NaN,NaN,NaN,NaN,NaN,NaN,NaN,NaN
19:21:30,|,NaN,NaN,NaN,NaN,NaN,NaN,NaN,NaN,NaN
19:22:30,|,NaN,NaN,NaN,NaN,NaN,NaN,NaN,NaN,NaN
19:23:30,|,NaN,NaN,NaN,NaN,NaN,NaN,NaN,NaN,NaN
19:24:30,|,NaN,NaN,NaN,NaN,NaN,NaN,NaN,NaN,NaN
19:25:30,|,NaN,NaN,NaN,NaN,NaN,NaN,NaN,NaN,NaN
19:26:30,|,NaN,NaN,NaN,NaN,NaN,NaN,NaN,NaN,NaN
19:27:30,|,NaN,NaN,NaN,NaN,NaN,NaN,NaN,NaN,NaN
19:28:30,|,NaN,NaN,NaN,NaN,NaN,NaN,NaN,NaN,NaN
19:29:30,|,NaN,NaN,NaN,NaN,NaN,NaN,NaN,NaN,NaN
19:30:30,|,NaN,NaN,NaN,NaN,NaN,NaN,NaN,NaN,NaN
19:31:30,|,NaN,NaN,NaN,NaN,NaN,NaN,NaN,NaN,NaN
19:32:30,|,NaN,NaN,NaN,NaN,NaN,NaN,NaN,NaN,NaN
19:33:30,|,NaN,NaN,NaN,NaN,NaN,NaN,NaN,NaN,NaN
19:34:30,|,NaN,NaN,NaN,NaN,NaN,NaN,NaN,NaN,NaN
19:35:30,|,NaN,NaN,NaN,NaN,NaN,NaN,NaN,NaN,NaN
19:36:30,|,NaN,NaN,NaN,NaN,NaN,NaN,NaN,NaN,NaN
19:37:30,|,NaN,NaN,NaN,NaN,NaN,NaN,NaN,NaN,NaN
19:38:30,|,NaN,NaN,NaN,NaN,NaN,NaN,NaN,NaN,NaN
19:39:30,|,NaN,NaN,NaN,NaN,NaN,NaN,NaN,NaN,NaN
19:40:30,|,NaN,NaN,NaN,NaN,NaN,NaN,NaN,NaN,NaN
19:41:30,|,NaN,NaN,NaN,NaN,NaN,NaN,NaN,NaN,NaN
19:42:30,|,NaN,NaN,NaN,NaN,NaN,NaN,NaN,NaN,NaN
19:43:30,|,NaN,NaN,NaN,NaN,NaN,NaN,NaN,NaN,NaN
19:44:30,|,NaN,NaN,NaN,NaN,NaN,NaN,NaN,NaN,NaN
19:45:30,|,NaN,NaN,NaN,NaN,NaN,NaN,NaN,NaN,NaN
19:46:30,|,NaN,NaN,NaN,NaN,NaN,NaN,NaN,NaN,NaN
19:47:30,|,NaN,NaN,NaN,NaN,NaN,NaN,NaN,NaN,NaN
19:48:30,|,NaN,NaN,NaN,NaN,NaN,NaN,NaN,NaN,NaN
19:49:30,|,NaN,NaN,NaN,NaN,NaN,NaN,NaN,NaN,NaN
19:50:30,|,NaN,NaN,NaN,NaN,NaN,NaN,NaN,NaN,NaN
19:51:30,|,NaN,NaN,NaN,NaN,NaN,NaN,NaN,NaN,NaN
19:52:30,|,NaN,NaN,NaN,NaN,NaN,NaN,NaN,NaN,NaN
19:53:30,|,NaN,NaN,NaN,NaN,NaN,NaN,NaN,NaN,NaN
19:54:30,|,NaN,NaN,NaN,NaN,NaN,NaN,NaN,NaN,NaN
19:55:30,|,NaN,NaN,NaN,NaN,NaN,NaN,NaN,NaN,NaN
19:56:30,|,NaN,NaN,NaN,NaN,NaN,NaN,NaN,NaN,NaN
19:57:30,|,NaN,NaN,NaN,NaN,NaN,NaN,NaN,NaN,NaN
19:58:30,|,NaN,NaN,NaN,NaN,NaN,NaN,NaN,NaN,NaN
19:59:30,|,NaN,NaN,NaN,NaN,NaN,NaN,NaN,NaN,NaN
20:00:30,|,NaN,NaN,NaN,NaN,NaN,NaN,NaN,NaN,NaN
20:01:30,|,NaN,NaN,NaN,NaN,NaN,NaN,NaN,NaN,NaN
20:02:30,|,NaN,NaN,NaN,NaN,NaN,NaN,NaN,NaN,NaN
20:03:30,|,NaN,NaN,NaN,NaN,NaN,NaN,NaN,NaN,NaN
20:04:30,|,NaN,NaN,NaN,NaN,NaN,NaN,NaN,NaN,NaN
20:05:30,|,NaN,NaN,NaN,NaN,NaN,NaN,NaN,NaN,NaN
20:06:30,|,NaN,NaN,NaN,NaN,NaN,NaN,NaN,NaN,NaN
20:07:30,|,NaN,NaN,NaN,NaN,NaN,NaN,NaN,NaN,NaN
20:08:30,|,NaN,NaN,NaN,NaN,NaN,NaN,NaN,NaN,NaN
20:09:30,|,NaN,NaN,NaN,NaN,NaN,NaN,NaN,NaN,NaN
20:10:30,|,NaN,NaN,NaN,NaN,NaN,NaN,NaN,NaN,NaN
20:11:30,|,NaN,NaN,NaN,NaN,NaN,NaN,NaN,NaN,NaN
20:12:30,|,NaN,NaN,NaN,NaN,NaN,NaN,NaN,NaN,NaN
20:13:30,|,NaN,NaN,NaN,NaN,NaN,NaN,NaN,NaN,NaN
20:14:30,|,NaN,NaN,NaN,NaN,NaN,NaN,NaN,NaN,NaN
20:15:30,|,NaN,NaN,NaN,NaN,NaN,NaN,NaN,NaN,NaN
20:16:30,|,NaN,NaN,NaN,NaN,NaN,NaN,NaN,NaN,NaN
20:17:30,|,NaN,NaN,NaN,NaN,NaN,NaN,NaN,NaN,NaN
20:18:30,|,NaN,NaN,NaN,NaN,NaN,NaN,NaN,NaN,NaN
20:19:30,|,NaN,NaN,NaN,NaN,NaN,NaN,NaN,NaN,NaN
20:20:30,|,NaN,NaN,NaN,NaN,NaN,NaN,NaN,NaN,NaN
20:21:30,|,NaN,NaN,NaN,NaN,NaN,NaN,NaN,NaN,NaN
20:22:30,|,NaN,NaN,NaN,NaN,NaN,NaN,NaN,NaN,NaN
20:23:30,|,NaN,NaN,NaN,NaN,NaN,NaN,NaN,NaN,NaN
20:24:30,|,NaN,NaN,NaN,NaN,NaN,NaN,NaN,NaN,NaN
20:25:30,|,NaN,NaN,NaN,NaN,NaN,NaN,NaN,NaN,NaN
20:26:30,|,NaN,NaN,NaN,NaN,NaN,NaN,NaN,NaN,NaN
20:27:30,|,NaN,NaN,NaN,NaN,NaN,NaN,NaN,NaN,NaN
20:28:30,|,NaN,NaN,NaN,NaN,NaN,NaN,NaN,NaN,NaN
20:29:30,|,NaN,NaN,NaN,NaN,NaN,NaN,NaN,NaN,NaN
20:30:30,|,NaN,NaN,NaN,NaN,NaN,NaN,NaN,NaN,NaN
20:31:30,|,NaN,NaN,NaN,NaN,NaN,NaN,NaN,NaN,NaN
20:32:30,|,NaN,NaN,NaN,NaN,NaN,NaN,NaN,NaN,NaN
20:33:30,|,NaN,NaN,NaN,NaN,NaN,NaN,NaN,NaN,NaN
20:34:30,|,NaN,NaN,NaN,NaN,NaN,NaN,NaN,NaN,NaN
20:35:30,|,NaN,NaN,NaN,NaN,NaN,NaN,NaN,NaN,NaN
20:36:30,|,NaN,NaN,NaN,NaN,NaN,NaN,NaN,NaN,NaN
20:37:30,|,NaN,NaN,NaN,NaN,NaN,NaN,NaN,NaN,NaN
20:38:30,|,NaN,NaN,NaN,NaN,NaN,NaN,NaN,NaN,NaN
20:39:30,|,NaN,NaN,NaN,NaN,NaN,NaN,NaN,NaN,NaN
20:40:30,|,NaN,NaN,NaN,NaN,NaN,NaN,NaN,NaN,NaN
20:41:30,|,NaN,NaN,NaN,NaN,NaN,NaN,NaN,NaN,NaN
20:42:30,|,NaN,NaN,NaN,NaN,NaN,NaN,NaN,NaN,NaN
20:43:30,|,NaN,NaN,NaN,NaN,NaN,NaN,NaN,NaN,NaN
20:44:30,|,NaN,NaN,NaN,NaN,NaN,NaN,NaN,NaN,NaN
20:45:30,|,NaN,NaN,NaN,NaN,NaN,NaN,NaN,NaN,NaN
20:46:30,|,NaN,NaN,NaN,NaN,NaN,NaN,NaN,NaN,NaN
20:47:30,|,NaN,NaN,NaN,NaN,NaN,NaN,NaN,NaN,NaN
20:48:30,|,NaN,NaN,NaN,NaN,NaN,NaN,NaN,NaN,NaN
20:49:30,|,NaN,NaN,NaN,NaN,NaN,NaN,NaN,NaN,NaN
20:50:30,|,NaN,NaN,NaN,NaN,NaN,NaN,NaN,NaN,NaN
20:51:30,|,NaN,NaN,NaN,NaN,NaN,NaN,NaN,NaN,NaN
20:52:30,|,NaN,NaN,NaN,NaN,NaN,NaN,NaN,NaN,NaN
20:53:30,|,NaN,NaN,NaN,NaN,NaN,NaN,NaN,NaN,NaN
20:54:30,|,NaN,NaN,NaN,NaN,NaN,NaN,NaN,NaN,NaN
20:55:30,|,NaN,NaN,NaN,NaN,NaN,NaN,NaN,NaN,NaN
20:56:30,|,NaN,NaN,NaN,NaN,NaN,NaN,NaN,NaN,NaN
20:57:30,|,NaN,NaN,NaN,NaN,NaN,NaN,NaN,NaN,NaN
20:58:30,|,NaN,NaN,NaN,NaN,NaN,NaN,NaN,NaN,NaN
20:59:30,|,NaN,NaN,NaN,NaN,NaN,NaN,NaN,NaN,NaN
21:00:30,|,NaN,NaN,NaN,NaN,NaN,NaN,NaN,NaN,NaN
21:01:30,|,NaN,NaN,NaN,NaN,NaN,NaN,NaN,NaN,NaN
21:02:30,|,NaN,NaN,NaN,NaN,NaN,NaN,NaN,NaN,NaN
21:03:30,|,NaN,NaN,NaN,NaN,NaN,NaN,NaN,NaN,NaN
21:04:30,|,NaN,NaN,NaN,NaN,NaN,NaN,NaN,NaN,NaN
21:05:30,|,NaN,NaN,NaN,NaN,NaN,NaN,NaN,NaN,NaN
21:06:30,|,NaN,NaN,NaN,NaN,NaN,NaN,NaN,NaN,NaN
21:07:30,|,NaN,NaN,NaN,NaN,NaN,NaN,NaN,NaN,NaN
21:08:30,|,NaN,NaN,NaN,NaN,NaN,NaN,NaN,NaN,NaN
21:09:30,|,NaN,NaN,NaN,NaN,NaN,NaN,NaN,NaN,NaN
21:10:30,|,NaN,NaN,NaN,NaN,NaN,NaN,NaN,NaN,NaN
21:11:30,|,NaN,NaN,NaN,NaN,NaN,NaN,NaN,NaN,NaN
21:12:30,|,NaN,NaN,NaN,NaN,NaN,NaN,NaN,NaN,NaN
21:13:30,|,NaN,NaN,NaN,NaN,NaN,NaN,NaN,NaN,NaN
21:14:30,|,NaN,NaN,NaN,NaN,NaN,NaN,NaN,NaN,NaN
21:15:30,|,NaN,NaN,NaN,NaN,NaN,NaN,NaN,NaN,NaN
21:16:30,|,NaN,NaN,NaN,NaN,NaN,NaN,NaN,NaN,NaN
21:17:30,|,NaN,NaN,NaN,NaN,NaN,NaN,NaN,NaN,NaN
21:18:30,|,NaN,NaN,NaN,NaN,NaN,NaN,NaN,NaN,NaN
21:19:30,|,NaN,NaN,NaN,NaN,NaN,NaN,NaN,NaN,NaN
21:20:30,|,NaN,NaN,NaN,NaN,NaN,NaN,NaN,NaN,NaN
21:21:30,|,NaN,NaN,NaN,NaN,NaN,NaN,NaN,NaN,NaN
21:22:30,|,NaN,NaN,NaN,NaN,NaN,NaN,NaN,NaN,NaN
21:23:30,|,NaN,NaN,NaN,NaN,NaN,NaN,NaN,NaN,NaN
21:24:30,|,NaN,NaN,NaN,NaN,NaN,NaN,NaN,NaN,NaN
21:25:30,|,NaN,NaN,NaN,NaN,NaN,NaN,NaN,NaN,NaN
21:26:30,|,NaN,NaN,NaN,NaN,NaN,NaN,NaN,NaN,NaN
21:27:30,|,NaN,NaN,NaN,NaN,NaN,NaN,NaN,NaN,NaN
21:28:30,|,NaN,NaN,NaN,NaN,NaN,NaN,NaN,NaN,NaN
21:29:30,|,NaN,NaN,NaN,NaN,NaN,NaN,NaN,NaN,NaN
21:30:30,|,NaN,NaN,NaN,NaN,NaN,NaN,NaN,NaN,NaN
21:31:30,|,NaN,NaN,NaN,NaN,NaN,NaN,NaN,NaN,NaN
21:32:30,|,NaN,NaN,NaN,NaN,NaN,NaN,NaN,NaN,NaN
21:33:30,|,NaN,NaN,NaN,NaN,NaN,NaN,NaN,NaN,NaN
21:34:30,|,NaN,NaN,NaN,NaN,NaN,NaN,NaN,NaN,NaN
21:35:30,|,NaN,NaN,NaN,NaN,NaN,NaN,NaN,NaN,NaN
21:36:30,|,NaN,NaN,NaN,NaN,NaN,NaN,NaN,NaN,NaN
21:37:30,|,NaN,NaN,NaN,NaN,NaN,NaN,NaN,NaN,NaN
21:38:30,|,NaN,NaN,NaN,NaN,NaN,NaN,NaN,NaN,NaN
21:39:30,|,NaN,NaN,NaN,NaN,NaN,NaN,NaN,NaN,NaN
21:40:30,|,NaN,NaN,NaN,NaN,NaN,NaN,NaN,NaN,NaN
21:41:30,|,NaN,NaN,NaN,NaN,NaN,NaN,NaN,NaN,NaN
21:42:30,|,NaN,NaN,NaN,NaN,NaN,NaN,NaN,NaN,NaN
21:43:30,|,NaN,NaN,NaN,NaN,NaN,NaN,NaN,NaN,NaN
21:44:30,|,NaN,NaN,NaN,NaN,NaN,NaN,NaN,NaN,NaN
21:45:30,|,NaN,NaN,NaN,NaN,NaN,NaN,NaN,NaN,NaN
21:46:30,|,NaN,NaN,NaN,NaN,NaN,NaN,NaN,NaN,NaN
21:47:30,|,NaN,NaN,NaN,NaN,NaN,NaN,NaN,NaN,NaN
21:48:30,|,NaN,NaN,NaN,NaN,NaN,NaN,NaN,NaN,NaN
21:49:30,|,NaN,NaN,NaN,NaN,NaN,NaN,NaN,NaN,NaN
21:50:30,|,NaN,NaN,NaN,NaN,NaN,NaN,NaN,NaN,NaN
21:51:30,|,NaN,NaN,NaN,NaN,NaN,NaN,NaN,NaN,NaN
21:52:30,|,NaN,NaN,NaN,NaN,NaN,NaN,NaN,NaN,NaN
21:53:30,|,NaN,NaN,NaN,NaN,NaN,NaN,NaN,NaN,NaN
21:54:30,|,NaN,NaN,NaN,NaN,NaN,NaN,NaN,NaN,NaN
21:55:30,|,NaN,NaN,NaN,NaN,NaN,NaN,NaN,NaN,NaN
21:56:30,|,NaN,NaN,NaN,NaN,NaN,NaN,NaN,NaN,NaN
21:57:30,|,NaN,NaN,NaN,NaN,NaN,NaN,NaN,NaN,NaN
21:58:30,|,NaN,NaN,NaN,NaN,NaN,NaN,NaN,NaN,NaN
21:59:30,|,NaN,NaN,NaN,NaN,NaN,NaN,NaN,NaN,NaN
22:00:30,|,NaN,NaN,NaN,NaN,NaN,NaN,NaN,NaN,NaN
22:01:30,|,NaN,NaN,NaN,NaN,NaN,NaN,NaN,NaN,NaN
22:02:30,|,NaN,NaN,NaN,NaN,NaN,NaN,NaN,NaN,NaN
22:03:30,|,NaN,NaN,NaN,NaN,NaN,NaN,NaN,NaN,NaN
22:04:30,|,NaN,NaN,NaN,NaN,NaN,NaN,NaN,NaN,NaN
22:05:30,|,NaN,NaN,NaN,NaN,NaN,NaN,NaN,NaN,NaN
22:06:30,|,NaN,NaN,NaN,NaN,NaN,NaN,NaN,NaN,NaN
22:07:30,|,NaN,NaN,NaN,NaN,NaN,NaN,NaN,NaN,NaN
22:08:30,|,NaN,NaN,NaN,NaN,NaN,NaN,NaN,NaN,NaN
22:09:30,|,NaN,NaN,NaN,NaN,NaN,NaN,NaN,NaN,NaN
22:10:30,|,NaN,NaN,NaN,NaN,NaN,NaN,NaN,NaN,NaN
22:11:30,|,NaN,NaN,NaN,NaN,NaN,NaN,NaN,NaN,NaN
22:12:30,|,NaN,NaN,NaN,NaN,NaN,NaN,NaN,NaN,NaN
22:13:30,|,NaN,NaN,NaN,NaN,NaN,NaN,NaN,NaN,NaN
22:14:30,|,NaN,NaN,NaN,NaN,NaN,NaN,NaN,NaN,NaN
22:15:30,|,NaN,NaN,NaN,NaN,NaN,NaN,NaN,NaN,NaN
22:16:30,|,NaN,NaN,NaN,NaN,NaN,NaN,NaN,NaN,NaN
22:17:30,|,NaN,NaN,NaN,NaN,NaN,NaN,NaN,NaN,NaN
22:18:30,|,NaN,NaN,NaN,NaN,NaN,NaN,NaN,NaN,NaN
22:19:30,|,NaN,NaN,NaN,NaN,NaN,NaN,NaN,NaN,NaN
22:20:30,|,NaN,NaN,NaN,NaN,NaN,NaN,NaN,NaN,NaN
22:21:30,|,NaN,NaN,NaN,NaN,NaN,NaN,NaN,NaN,NaN
22:22:30,|,NaN,NaN,NaN,NaN,NaN,NaN,NaN,NaN,NaN
22:23:30,|,NaN,NaN,NaN,NaN,NaN,NaN,NaN,NaN,NaN
22:24:30,|,NaN,NaN,NaN,NaN,NaN,NaN,NaN,NaN,NaN
22:25:30,|,NaN,NaN,NaN,NaN,NaN,NaN,NaN,NaN,NaN
22:26:30,|,NaN,NaN,NaN,NaN,NaN,NaN,NaN,NaN,NaN
22:27:30,|,NaN,NaN,NaN,NaN,NaN,NaN,NaN,NaN,NaN
22:28:30,|,NaN,NaN,NaN,NaN,NaN,NaN,NaN,NaN,NaN
22:29:30,|,NaN,NaN,NaN,NaN,NaN,NaN,NaN,NaN,NaN
22:30:30,|,NaN,NaN,NaN,NaN,NaN,NaN,NaN,NaN,NaN
22:31:30,|,NaN,NaN,NaN,NaN,NaN,NaN,NaN,NaN,NaN
22:32:30,|,NaN,NaN,NaN,NaN,NaN,NaN,NaN,NaN,NaN
22:33:30,|,NaN,NaN,NaN,NaN,NaN,NaN,NaN,NaN,NaN
22:34:30,|,NaN,NaN,NaN,NaN,NaN,NaN,NaN,NaN,NaN
22:35:30,|,NaN,NaN,NaN,NaN,NaN,NaN,NaN,NaN,NaN
22:36:30,|,NaN,NaN,NaN,NaN,NaN,NaN,NaN,NaN,NaN
22:37:30,|,NaN,NaN,NaN,NaN,NaN,NaN,NaN,NaN,NaN
22:38:30,|,NaN,NaN,NaN,NaN,NaN,NaN,NaN,NaN,NaN
22:39:30,|,NaN,NaN,NaN,NaN,NaN,NaN,NaN,NaN,NaN
22:40:30,|,NaN,NaN,NaN,NaN,NaN,NaN,NaN,NaN,NaN
22:41:30,|,NaN,NaN,NaN,NaN,NaN,NaN,NaN,NaN,NaN
22:42:30,|,NaN,NaN,NaN,NaN,NaN,NaN,NaN,NaN,NaN
22:43:30,|,NaN,NaN,NaN,NaN,NaN,NaN,NaN,NaN,NaN
22:44:30,|,NaN,NaN,NaN,NaN,NaN,NaN,NaN,NaN,NaN
22:45:30,|,NaN,NaN,NaN,NaN,NaN,NaN,NaN,NaN,NaN
22:46:30,|,NaN,NaN,NaN,NaN,NaN,NaN,NaN,NaN,NaN
22:47:30,|,NaN,NaN,NaN,NaN,NaN,NaN,NaN,NaN,NaN
22:48:30,|,NaN,NaN,NaN,NaN,NaN,NaN,NaN,NaN,NaN
22:49:30,|,NaN,NaN,NaN,NaN,NaN,NaN,NaN,NaN,NaN
22:50:30,|,NaN,NaN,NaN,NaN,NaN,NaN,NaN,NaN,NaN
22:51:30,|,NaN,NaN,NaN,NaN,NaN,NaN,NaN,NaN,NaN
22:52:30,|,NaN,NaN,NaN,NaN,NaN,NaN,NaN,NaN,NaN
22:53:30,|,NaN,NaN,NaN,NaN,NaN,NaN,NaN,NaN,NaN
22:54:30,|,NaN,NaN,NaN,NaN,NaN,NaN,NaN,NaN,NaN
22:55:30,|,NaN,NaN,NaN,NaN,NaN,NaN,NaN,NaN,NaN
22:56:30,|,NaN,NaN,NaN,NaN,NaN,NaN,NaN,NaN,NaN
22:57:30,|,NaN,NaN,NaN,NaN,NaN,NaN,NaN,NaN,NaN
22:58:30,|,NaN,NaN,NaN,NaN,NaN,NaN,NaN,NaN,NaN
22:59:30,|,NaN,NaN,NaN,NaN,NaN,NaN,NaN,NaN,NaN
23:00:30,|,NaN,NaN,NaN,NaN,NaN,NaN,NaN,NaN,NaN
23:01:30,|,NaN,NaN,NaN,NaN,NaN,NaN,NaN,NaN,NaN
23:02:30,|,NaN,NaN,NaN,NaN,NaN,NaN,NaN,NaN,NaN
23:03:30,|,NaN,NaN,NaN,NaN,NaN,NaN,NaN,NaN,NaN
23:04:30,|,NaN,NaN,NaN,NaN,NaN,NaN,NaN,NaN,NaN
23:05:30,|,NaN,NaN,NaN,NaN,NaN,NaN,NaN,NaN,NaN
23:06:30,|,NaN,NaN,NaN,NaN,NaN,NaN,NaN,NaN,NaN
23:07:30,|,NaN,NaN,NaN,NaN,NaN,NaN,NaN,NaN,NaN
23:08:30,|,NaN,NaN,NaN,NaN,NaN,NaN,NaN,NaN,NaN
23:09:30,|,NaN,NaN,NaN,NaN,NaN,NaN,NaN,NaN,NaN
23:10:30,|,NaN,NaN,NaN,NaN,NaN,NaN,NaN,NaN,NaN
23:11:30,|,NaN,NaN,NaN,NaN,NaN,NaN,NaN,NaN,NaN
23:12:30,|,NaN,NaN,NaN,NaN,NaN,NaN,NaN,NaN,NaN
23:13:30,|,NaN,NaN,NaN,NaN,NaN,NaN,NaN,NaN,NaN
23:14:30,|,NaN,NaN,NaN,NaN,NaN,NaN,NaN,NaN,NaN
23:15:30,|,NaN,NaN,NaN,NaN,NaN,NaN,NaN,NaN,NaN
23:16:30,|,NaN,NaN,NaN,NaN,NaN,NaN,NaN,NaN,NaN
23:17:30,|,NaN,NaN,NaN,NaN,NaN,NaN,NaN,NaN,NaN
23:18:30,|,NaN,NaN,NaN,NaN,NaN,NaN,NaN,NaN,NaN
23:19:30,|,NaN,NaN,NaN,NaN,NaN,NaN,NaN,NaN,NaN
23:20:30,|,NaN,NaN,NaN,NaN,NaN,NaN,NaN,NaN,NaN
23:21:30,|,NaN,NaN,NaN,NaN,NaN,NaN,NaN,NaN,NaN
23:22:30,|,NaN,NaN,NaN,NaN,NaN,NaN,NaN,NaN,NaN
23:23:30,|,NaN,NaN,NaN,NaN,NaN,NaN,NaN,NaN,NaN
23:24:30,|,NaN,NaN,NaN,NaN,NaN,NaN,NaN,NaN,NaN
23:25:30,|,NaN,NaN,NaN,NaN,NaN,NaN,NaN,NaN,NaN
23:26:30,|,NaN,NaN,NaN,NaN,NaN,NaN,NaN,NaN,NaN
23:27:30,|,NaN,NaN,NaN,NaN,NaN,NaN,NaN,NaN,NaN
23:28:30,|,NaN,NaN,NaN,NaN,NaN,NaN,NaN,NaN,NaN
23:29:30,|,NaN,NaN,NaN,NaN,NaN,NaN,NaN,NaN,NaN
23:30:30,|,NaN,NaN,NaN,NaN,NaN,NaN,NaN,NaN,NaN
23:31:30,|,NaN,NaN,NaN,NaN,NaN,NaN,NaN,NaN,NaN
23:32:30,|,NaN,NaN,NaN,NaN,NaN,NaN,NaN,NaN,NaN
23:33:30,|,NaN,NaN,NaN,NaN,NaN,NaN,NaN,NaN,NaN
23:34:30,|,NaN,NaN,NaN,NaN,NaN,NaN,NaN,NaN,NaN
23:35:30,|,NaN,NaN,NaN,NaN,NaN,NaN,NaN,NaN,NaN
23:36:30,|,NaN,NaN,NaN,NaN,NaN,NaN,NaN,NaN,NaN
23:37:30,|,NaN,NaN,NaN,NaN,NaN,NaN,NaN,NaN,NaN
23:38:30,|,NaN,NaN,NaN,NaN,NaN,NaN,NaN,NaN,NaN
23:39:30,|,NaN,NaN,NaN,NaN,NaN,NaN,NaN,NaN,NaN
23:40:30,|,NaN,NaN,NaN,NaN,NaN,NaN,NaN,NaN,NaN
23:41:30,|,NaN,NaN,NaN,NaN,NaN,NaN,NaN,NaN,NaN
23:42:30,|,NaN,NaN,NaN,NaN,NaN,NaN,NaN,NaN,NaN
23:43:30,|,NaN,NaN,NaN,NaN,NaN,NaN,NaN,NaN,NaN
23:44:30,|,NaN,NaN,NaN,NaN,NaN,NaN,NaN,NaN,NaN
23:45:30,|,NaN,NaN,NaN,NaN,NaN,NaN,NaN,NaN,NaN
23:46:30,|,NaN,NaN,NaN,NaN,NaN,NaN,NaN,NaN,NaN
23:47:30,|,NaN,NaN,NaN,NaN,NaN,NaN,NaN,NaN,NaN
23:48:30,|,NaN,NaN,NaN,NaN,NaN,NaN,NaN,NaN,NaN
23:49:30,|,NaN,NaN,NaN,NaN,NaN,NaN,NaN,NaN,NaN
23:50:30,|,NaN,NaN,NaN,NaN,NaN,NaN,NaN,NaN,NaN
23:51:30,|,NaN,NaN,NaN,NaN,NaN,NaN,NaN,NaN,NaN
23:52:30,|,NaN,NaN,NaN,NaN,NaN,NaN,NaN,NaN,NaN
23:53:30,|,NaN,NaN,NaN,NaN,NaN,NaN,NaN,NaN,NaN
23:54:30,|,NaN,NaN,NaN,NaN,NaN,NaN,NaN,NaN,NaN
23:55:30,|,NaN,NaN,NaN,NaN,NaN,NaN,NaN,NaN,NaN
23:56:30,|,NaN,NaN,NaN,NaN,NaN,NaN,NaN,NaN,NaN
23:57:30,|,NaN,NaN,NaN,NaN,NaN,NaN,NaN,NaN,NaN
23:58:30,|,NaN,NaN,NaN,NaN,NaN,NaN,NaN,NaN,NaN
23:59:30,|,NaN,NaN,NaN,NaN,NaN,NaN,NaN,NaN,NaN
00:00:30,|,NaN,NaN,NaN,NaN,NaN,NaN,NaN,NaN,NaN
00:01:30,|,NaN,NaN,NaN,NaN,NaN,NaN,NaN,NaN,NaN
00:02:30,|,NaN,NaN,NaN,NaN,NaN,NaN,NaN,NaN,NaN
00:03:30,|,NaN,NaN,NaN,NaN,NaN,NaN,NaN,NaN,NaN
00:04:30,|,NaN,NaN,NaN,NaN,NaN,NaN,NaN,NaN,NaN
00:05:30,|,NaN,NaN,NaN,NaN,NaN,NaN,NaN,NaN,NaN
00:06:30,|,NaN,NaN,NaN,NaN,NaN,NaN,NaN,NaN,NaN
00:07:30,|,NaN,NaN,NaN,NaN,NaN,NaN,NaN,NaN,NaN
00:08:30,|,NaN,NaN,NaN,NaN,NaN,NaN,NaN,NaN,NaN
00:09:30,|,NaN,NaN,NaN,NaN,NaN,NaN,NaN,NaN,NaN
00:10:30,|,NaN,NaN,NaN,NaN,NaN,NaN,NaN,NaN,NaN
00:11:30,|,NaN,NaN,NaN,NaN,NaN,NaN,NaN,NaN,NaN
00:12:30,|,NaN,NaN,NaN,NaN,NaN,NaN,NaN,NaN,NaN
00:13:30,|,NaN,NaN,NaN,NaN,NaN,NaN,NaN,NaN,NaN
00:14:30,|,NaN,NaN,NaN,NaN,NaN,NaN,NaN,NaN,NaN
00:15:30,|,NaN,NaN,NaN,NaN,NaN,NaN,NaN,NaN,NaN
00:16:30,|,NaN,NaN,NaN,NaN,NaN,NaN,NaN,NaN,NaN
00:17:30,|,NaN,NaN,NaN,NaN,NaN,NaN,NaN,NaN,NaN
00:18:30,|,NaN,NaN,NaN,NaN,NaN,NaN,NaN,NaN,NaN
00:19:30,|,NaN,NaN,NaN,NaN,NaN,NaN,NaN,NaN,NaN
00:20:30,|,NaN,NaN,NaN,NaN,NaN,NaN,NaN,NaN,NaN
00:21:30,|,NaN,NaN,NaN,NaN,NaN,NaN,NaN,NaN,NaN
00:22:30,|,NaN,NaN,NaN,NaN,NaN,NaN,NaN,NaN,NaN
00:23:30,|,NaN,NaN,NaN,NaN,NaN,NaN,NaN,NaN,NaN
00:24:30,|,NaN,NaN,NaN,NaN,NaN,NaN,NaN,NaN,NaN
00:25:30,|,NaN,NaN,NaN,NaN,NaN,NaN,NaN,NaN,NaN
00:26:30,|,NaN,NaN,NaN,NaN,NaN,NaN,NaN,NaN,NaN
00:27:30,|,NaN,NaN,NaN,NaN,NaN,NaN,NaN,NaN,NaN
00:28:30,|,NaN,NaN,NaN,NaN,NaN,NaN,NaN,NaN,NaN
00:29:30,|,NaN,NaN,NaN,NaN,NaN,NaN,NaN,NaN,NaN
00:30:30,|,NaN,NaN,NaN,NaN,NaN,NaN,NaN,NaN,NaN
00:31:30,|,NaN,NaN,NaN,NaN,NaN,NaN,NaN,NaN,NaN
00:32:30,|,NaN,NaN,NaN,NaN,NaN,NaN,NaN,NaN,NaN
00:33:30,|,NaN,NaN,NaN,NaN,NaN,NaN,NaN,NaN,NaN
00:34:30,|,NaN,NaN,NaN,NaN,NaN,NaN,NaN,NaN,NaN
00:35:30,|,NaN,NaN,NaN,NaN,NaN,NaN,NaN,NaN,NaN
00:36:30,|,NaN,NaN,NaN,NaN,NaN,NaN,NaN,NaN,NaN
00:37:30,|,NaN,NaN,NaN,NaN,NaN,NaN,NaN,NaN,NaN
00:38:30,|,NaN,NaN,NaN,NaN,NaN,NaN,NaN,NaN,NaN
00:39:30,|,NaN,NaN,NaN,NaN,NaN,NaN,NaN,NaN,NaN
00:40:30,|,NaN,NaN,NaN,NaN,NaN,NaN,NaN,NaN,NaN
00:41:30,|,NaN,NaN,NaN,NaN,NaN,NaN,NaN,NaN,NaN
00:42:30,|,NaN,NaN,NaN,NaN,NaN,NaN,NaN,NaN,NaN
00:43:30,|,NaN,NaN,NaN,NaN,NaN,NaN,NaN,NaN,NaN
00:44:30,|,NaN,NaN,NaN,NaN,NaN,NaN,NaN,NaN,NaN
00:45:30,|,NaN,NaN,NaN,NaN,NaN,NaN,NaN,NaN,NaN
00:46:30,|,NaN,NaN,NaN,NaN,NaN,NaN,NaN,NaN,NaN
00:47:30,|,NaN,NaN,NaN,NaN,NaN,NaN,NaN,NaN,NaN
00:48:30,|,NaN,NaN,NaN,NaN,NaN,NaN,NaN,NaN,NaN
00:49:30,|,NaN,NaN,NaN,NaN,NaN,NaN,NaN,NaN,NaN
00:50:30,|,NaN,NaN,NaN,NaN,NaN,NaN,NaN,NaN,NaN
00:51:30,|,NaN,NaN,NaN,NaN,NaN,NaN,NaN,NaN,NaN
00:52:30,|,NaN,NaN,NaN,NaN,NaN,NaN,NaN,NaN,NaN
00:53:30,|,NaN,NaN,NaN,NaN,NaN,NaN,NaN,NaN,NaN
00:54:30,|,NaN,NaN,NaN,NaN,NaN,NaN,NaN,NaN,NaN
00:55:30,|,NaN,NaN,NaN,NaN,NaN,NaN,NaN,NaN,NaN
00:56:30,|,NaN,NaN,NaN,NaN,NaN,NaN,NaN,NaN,NaN
00:57:30,|,NaN,NaN,NaN,NaN,NaN,NaN,NaN,NaN,NaN
00:58:30,|,NaN,NaN,NaN,NaN,NaN,NaN,NaN,NaN,NaN
00:59:30,|,NaN,NaN,NaN,NaN,NaN,NaN,NaN,NaN,NaN
01:00:30,|,NaN,NaN,NaN,NaN,NaN,NaN,NaN,NaN,NaN
01:01:30,|,NaN,NaN,NaN,NaN,NaN,NaN,NaN,NaN,NaN
01:02:30,|,NaN,NaN,NaN,NaN,NaN,NaN,NaN,NaN,NaN
01:03:30,|,NaN,NaN,NaN,NaN,NaN,NaN,NaN,NaN,NaN
01:04:30,|,NaN,NaN,NaN,NaN,NaN,NaN,NaN,NaN,NaN
01:05:30,|,NaN,NaN,NaN,NaN,NaN,NaN,NaN,NaN,NaN
01:06:30,|,NaN,NaN,NaN,NaN,NaN,NaN,NaN,NaN,NaN
01:07:30,|,NaN,NaN,NaN,NaN,NaN,NaN,NaN,NaN,NaN
01:08:30,|,NaN,NaN,NaN,NaN,NaN,NaN,NaN,NaN,NaN
01:09:30,|,NaN,NaN,NaN,NaN,NaN,NaN,NaN,NaN,NaN
01:10:30,|,NaN,NaN,NaN,NaN,NaN,NaN,NaN,NaN,NaN
01:11:30,|,NaN,NaN,NaN,NaN,NaN,NaN,NaN,NaN,NaN
01:12:30,|,NaN,NaN,NaN,NaN,NaN,NaN,NaN,NaN,NaN
01:13:30,|,NaN,NaN,NaN,NaN,NaN,NaN,NaN,NaN,NaN
01:14:30,|,NaN,NaN,NaN,NaN,NaN,NaN,NaN,NaN,NaN
01:15:30,|,NaN,NaN,NaN,NaN,NaN,NaN,NaN,NaN,NaN
01:16:30,|,NaN,NaN,NaN,NaN,NaN,NaN,NaN,NaN,NaN
01:17:30,|,NaN,NaN,NaN,NaN,NaN,NaN,NaN,NaN,NaN
01:18:30,|,NaN,NaN,NaN,NaN,NaN,NaN,NaN,NaN,NaN
01:19:30,|,NaN,NaN,NaN,NaN,NaN,NaN,NaN,NaN,NaN
01:20:30,|,NaN,NaN,NaN,NaN,NaN,NaN,NaN,NaN,NaN
01:21:30,|,NaN,NaN,NaN,NaN,NaN,NaN,NaN,NaN,NaN
01:22:30,|,NaN,NaN,NaN,NaN,NaN,NaN,NaN,NaN,NaN
01:23:30,|,NaN,NaN,NaN,NaN,NaN,NaN,NaN,NaN,NaN
01:24:30,|,NaN,NaN,NaN,NaN,NaN,NaN,NaN,NaN,NaN
01:25:30,|,NaN,NaN,NaN,NaN,NaN,NaN,NaN,NaN,NaN
01:26:30,|,NaN,NaN,NaN,NaN,NaN,NaN,NaN,NaN,NaN
01:27:30,|,NaN,NaN,NaN,NaN,NaN,NaN,NaN,NaN,NaN
01:28:30,|,NaN,NaN,NaN,NaN,NaN,NaN,NaN,NaN,NaN
01:29:30,|,NaN,NaN,NaN,NaN,NaN,NaN,NaN,NaN,NaN
01:30:30,|,NaN,NaN,NaN,NaN,NaN,NaN,NaN,NaN,NaN
01:31:30,|,NaN,NaN,NaN,NaN,NaN,NaN,NaN,NaN,NaN
01:32:30,|,NaN,NaN,NaN,NaN,NaN,NaN,NaN,NaN,NaN
01:33:30,|,NaN,NaN,NaN,NaN,NaN,NaN,NaN,NaN,NaN
01:34:30,|,NaN,NaN,NaN,NaN,NaN,NaN,NaN,NaN,NaN
01:35:30,|,NaN,NaN,NaN,NaN,NaN,NaN,NaN,NaN,NaN
01:36:30,|,NaN,NaN,NaN,NaN,NaN,NaN,NaN,NaN,NaN
01:37:30,|,NaN,NaN,NaN,NaN,NaN,NaN,NaN,NaN,NaN
01:38:30,|,NaN,NaN,NaN,NaN,NaN,NaN,NaN,NaN,NaN
01:39:30,|,NaN,NaN,NaN,NaN,NaN,NaN,NaN,NaN,NaN
01:40:30,|,NaN,NaN,NaN,NaN,NaN,NaN,NaN,NaN,NaN
01:41:30,|,NaN,NaN,NaN,NaN,NaN,NaN,NaN,NaN,NaN
01:42:30,|,NaN,NaN,NaN,NaN,NaN,NaN,NaN,NaN,NaN
01:43:30,|,NaN,NaN,NaN,NaN,NaN,NaN,NaN,NaN,NaN
01:44:30,|,NaN,NaN,NaN,NaN,NaN,NaN,NaN,NaN,NaN
01:45:30,|,NaN,NaN,NaN,NaN,NaN,NaN,NaN,NaN,NaN
01:46:30,|,NaN,NaN,NaN,NaN,NaN,NaN,NaN,NaN,NaN
01:47:30,|,NaN,NaN,NaN,NaN,NaN,NaN,NaN,NaN,NaN
01:48:30,|,NaN,NaN,NaN,NaN,NaN,NaN,NaN,NaN,NaN
01:49:30,|,NaN,NaN,NaN,NaN,NaN,NaN,NaN,NaN,NaN
01:50:30,|,NaN,NaN,NaN,NaN,NaN,NaN,NaN,NaN,NaN
01:51:30,|,NaN,NaN,NaN,NaN,NaN,NaN,NaN,NaN,NaN
01:52:30,|,NaN,NaN,NaN,NaN,NaN,NaN,NaN,NaN,NaN
01:53:30,|,NaN,NaN,NaN,NaN,NaN,NaN,NaN,NaN,NaN
01:54:30,|,NaN,NaN,NaN,NaN,NaN,NaN,NaN,NaN,NaN
01:55:30,|,NaN,NaN,NaN,NaN,NaN,NaN,NaN,NaN,NaN
01:56:30,|,NaN,NaN,NaN,NaN,NaN,NaN,NaN,NaN,NaN
01:57:30,|,NaN,NaN,NaN,NaN,NaN,NaN,NaN,NaN,NaN
01:58:30,|,NaN,NaN,NaN,NaN,NaN,NaN,NaN,NaN,NaN
01:59:30,|,NaN,NaN,NaN,NaN,NaN,NaN,NaN,NaN,NaN
02:00:30,|,NaN,NaN,NaN,NaN,NaN,NaN,NaN,NaN,NaN
02:01:30,|,NaN,NaN,NaN,NaN,NaN,NaN,NaN,NaN,NaN
02:02:30,|,NaN,NaN,NaN,NaN,NaN,NaN,NaN,NaN,NaN
02:03:30,|,NaN,NaN,NaN,NaN,NaN,NaN,NaN,NaN,NaN
02:04:30,|,NaN,NaN,NaN,NaN,NaN,NaN,NaN,NaN,NaN
02:05:30,|,NaN,NaN,NaN,NaN,NaN,NaN,NaN,NaN,NaN
02:06:30,|,NaN,NaN,NaN,NaN,NaN,NaN,NaN,NaN,NaN
02:07:30,|,NaN,NaN,NaN,NaN,NaN,NaN,NaN,NaN,NaN
02:08:30,|,NaN,NaN,NaN,NaN,NaN,NaN,NaN,NaN,NaN
02:09:30,|,NaN,NaN,NaN,NaN,NaN,NaN,NaN,NaN,NaN
02:10:30,|,NaN,NaN,NaN,NaN,NaN,NaN,NaN,NaN,NaN
02:11:30,|,NaN,NaN,NaN,NaN,NaN,NaN,NaN,NaN,NaN
02:12:30,|,NaN,NaN,NaN,NaN,NaN,NaN,NaN,NaN,NaN
02:13:30,|,NaN,NaN,NaN,NaN,NaN,NaN,NaN,NaN,NaN
02:14:30,|,NaN,NaN,NaN,NaN,NaN,NaN,NaN,NaN,NaN
02:15:30,|,NaN,NaN,NaN,NaN,NaN,NaN,NaN,NaN,NaN
02:16:30,|,NaN,NaN,NaN,NaN,NaN,NaN,NaN,NaN,NaN
02:17:30,|,NaN,NaN,NaN,NaN,NaN,NaN,NaN,NaN,NaN
02:18:30,|,NaN,NaN,NaN,NaN,NaN,NaN,NaN,NaN,NaN
02:19:30,|,NaN,NaN,NaN,NaN,NaN,NaN,NaN,NaN,NaN
02:20:30,|,NaN,NaN,NaN,NaN,NaN,NaN,NaN,NaN,NaN
02:21:30,|,NaN,NaN,NaN,NaN,NaN,NaN,NaN,NaN,NaN
02:22:30,|,NaN,NaN,NaN,NaN,NaN,NaN,NaN,NaN,NaN
02:23:30,|,NaN,NaN,NaN,NaN,NaN,NaN,NaN,NaN,NaN
02:24:30,|,NaN,NaN,NaN,NaN,NaN,NaN,NaN,NaN,NaN
02:25:30,|,NaN,NaN,NaN,NaN,NaN,NaN,NaN,NaN,NaN
02:26:30,|,NaN,NaN,NaN,NaN,NaN,NaN,NaN,NaN,NaN
02:27:30,|,NaN,NaN,NaN,NaN,NaN,NaN,NaN,NaN,NaN
02:28:30,|,NaN,NaN,NaN,NaN,NaN,NaN,NaN,NaN,NaN
02:29:30,|,NaN,NaN,NaN,NaN,NaN,NaN,NaN,NaN,NaN
02:30:30,|,NaN,NaN,NaN,NaN,NaN,NaN,NaN,NaN,NaN
02:31:30,|,NaN,NaN,NaN,NaN,NaN,NaN,NaN,NaN,NaN
02:32:30,|,NaN,NaN,NaN,NaN,NaN,NaN,NaN,NaN,NaN
02:33:30,|,NaN,NaN,NaN,NaN,NaN,NaN,NaN,NaN,NaN
02:34:30,|,NaN,NaN,NaN,NaN,NaN,NaN,NaN,NaN,NaN
02:35:30,|,NaN,NaN,NaN,NaN,NaN,NaN,NaN,NaN,NaN
02:36:30,|,NaN,NaN,NaN,NaN,NaN,NaN,NaN,NaN,NaN
02:37:30,|,NaN,NaN,NaN,NaN,NaN,NaN,NaN,NaN,NaN
02:38:30,|,NaN,NaN,NaN,NaN,NaN,NaN,NaN,NaN,NaN
02:39:30,|,NaN,NaN,NaN,NaN,NaN,NaN,NaN,NaN,NaN
02:40:30,|,NaN,NaN,NaN,NaN,NaN,NaN,NaN,NaN,NaN
02:41:30,|,NaN,NaN,NaN,NaN,NaN,NaN,NaN,NaN,NaN
02:42:30,|,NaN,NaN,NaN,NaN,NaN,NaN,NaN,NaN,NaN
02:43:30,|,NaN,NaN,NaN,NaN,NaN,NaN,NaN,NaN,NaN
02:44:30,|,NaN,NaN,NaN,NaN,NaN,NaN,NaN,NaN,NaN
02:45:30,|,NaN,NaN,NaN,NaN,NaN,NaN,NaN,NaN,NaN
02:46:30,|,NaN,NaN,NaN,NaN,NaN,NaN,NaN,NaN,NaN
02:47:30,|,NaN,NaN,NaN,NaN,NaN,NaN,NaN,NaN,NaN
02:48:30,|,NaN,NaN,NaN,NaN,NaN,NaN,NaN,NaN,NaN
02:49:30,|,NaN,NaN,NaN,NaN,NaN,NaN,NaN,NaN,NaN
02:50:30,|,NaN,NaN,NaN,NaN,NaN,NaN,NaN,NaN,NaN
02:51:30,|,NaN,NaN,NaN,NaN,NaN,NaN,NaN,NaN,NaN
02:52:30,|,NaN,NaN,NaN,NaN,NaN,NaN,NaN,NaN,NaN
02:53:30,|,NaN,NaN,NaN,NaN,NaN,NaN,NaN,NaN,NaN
02:54:30,|,NaN,NaN,NaN,NaN,NaN,NaN,NaN,NaN,NaN
02:55:30,|,NaN,NaN,NaN,NaN,NaN,NaN,NaN,NaN,NaN
02:56:30,|,NaN,NaN,NaN,NaN,NaN,NaN,NaN,NaN,NaN
02:57:30,|,NaN,NaN,NaN,NaN,NaN,NaN,NaN,NaN,NaN
02:58:30,|,NaN,NaN,NaN,NaN,NaN,NaN,NaN,NaN,NaN
02:59:30,|,NaN,NaN,NaN,NaN,NaN,NaN,NaN,NaN,NaN
03:00:30,|,NaN,NaN,NaN,NaN,NaN,NaN,NaN,NaN,NaN
03:01:30,|,NaN,NaN,NaN,NaN,NaN,NaN,NaN,NaN,NaN
03:02:30,|,NaN,NaN,NaN,NaN,NaN,NaN,NaN,NaN,NaN
03:03:30,|,NaN,NaN,NaN,NaN,NaN,NaN,NaN,NaN,NaN
03:04:30,|,NaN,NaN,NaN,NaN,NaN,NaN,NaN,NaN,NaN
03:05:30,|,NaN,NaN,NaN,NaN,NaN,NaN,NaN,NaN,NaN
03:06:30,|,NaN,NaN,NaN,NaN,NaN,NaN,NaN,NaN,NaN
03:07:30,|,NaN,NaN,NaN,NaN,NaN,NaN,NaN,NaN,NaN
03:08:30,|,NaN,NaN,NaN,NaN,NaN,NaN,NaN,NaN,NaN
03:09:30,|,NaN,NaN,NaN,NaN,NaN,NaN,NaN,NaN,NaN
03:10:30,|,NaN,NaN,NaN,NaN,NaN,NaN,NaN,NaN,NaN
03:11:30,|,NaN,NaN,NaN,NaN,NaN,NaN,NaN,NaN,NaN
03:12:30,|,NaN,NaN,NaN,NaN,NaN,NaN,NaN,NaN,NaN
03:13:30,|,NaN,NaN,NaN,NaN,NaN,NaN,NaN,NaN,NaN
03:14:30,|,NaN,NaN,NaN,NaN,NaN,NaN,NaN,NaN,NaN
03:15:30,|,NaN,NaN,NaN,NaN,NaN,NaN,NaN,NaN,NaN
03:16:30,|,NaN,NaN,NaN,NaN,NaN,NaN,NaN,NaN,NaN
03:17:30,|,NaN,NaN,NaN,NaN,NaN,NaN,NaN,NaN,NaN
03:18:30,|,NaN,NaN,NaN,NaN,NaN,NaN,NaN,NaN,NaN
03:19:30,|,NaN,NaN,NaN,NaN,NaN,NaN,NaN,NaN,NaN
03:20:30,|,NaN,NaN,NaN,NaN,NaN,NaN,NaN,NaN,NaN
03:21:30,|,NaN,NaN,NaN,NaN,NaN,NaN,NaN,NaN,NaN
03:22:30,|,NaN,NaN,NaN,NaN,NaN,NaN,NaN,NaN,NaN
03:23:30,|,NaN,NaN,NaN,NaN,NaN,NaN,NaN,NaN,NaN
03:24:30,|,NaN,NaN,NaN,NaN,NaN,NaN,NaN,NaN,NaN
03:25:30,|,NaN,NaN,NaN,NaN,NaN,NaN,NaN,NaN,NaN
03:26:30,|,NaN,NaN,NaN,NaN,NaN,NaN,NaN,NaN,NaN
03:27:30,|,NaN,NaN,NaN,NaN,NaN,NaN,NaN,NaN,NaN
03:28:30,|,NaN,NaN,NaN,NaN,NaN,NaN,NaN,NaN,NaN
03:29:30,|,NaN,NaN,NaN,NaN,NaN,NaN,NaN,NaN,NaN
03:30:30,|,NaN,NaN,NaN,NaN,NaN,NaN,NaN,NaN,NaN
03:31:30,|,NaN,NaN,NaN,NaN,NaN,NaN,NaN,NaN,NaN
03:32:30,|,NaN,NaN,NaN,NaN,NaN,NaN,NaN,NaN,NaN
03:33:30,|,NaN,NaN,NaN,NaN,NaN,NaN,NaN,NaN,NaN
03:34:30,|,NaN,NaN,NaN,NaN,NaN,NaN,NaN,NaN,NaN
03:35:30,|,NaN,NaN,NaN,NaN,NaN,NaN,NaN,NaN,NaN
03:36:30,|,NaN,NaN,NaN,NaN,NaN,NaN,NaN,NaN,NaN
03:37:30,|,NaN,NaN,NaN,NaN,NaN,NaN,NaN,NaN,NaN
03:38:30,|,NaN,NaN,NaN,NaN,NaN,NaN,NaN,NaN,NaN
03:39:30,|,NaN,NaN,NaN,NaN,NaN,NaN,NaN,NaN,NaN
03:40:30,|,NaN,NaN,NaN,NaN,NaN,NaN,NaN,NaN,NaN
03:41:30,|,NaN,NaN,NaN,NaN,NaN,NaN,NaN,NaN,NaN
03:42:30,|,NaN,NaN,NaN,NaN,NaN,NaN,NaN,NaN,NaN
03:43:30,|,NaN,NaN,NaN,NaN,NaN,NaN,NaN,NaN,NaN
03:44:30,|,NaN,NaN,NaN,NaN,NaN,NaN,NaN,NaN,NaN
03:45:30,|,NaN,NaN,NaN,NaN,NaN,NaN,NaN,NaN,NaN
03:46:30,|,NaN,NaN,NaN,NaN,NaN,NaN,NaN,NaN,NaN
03:47:30,|,NaN,NaN,NaN,NaN,NaN,NaN,NaN,NaN,NaN
03:48:30,|,NaN,NaN,NaN,NaN,NaN,NaN,NaN,NaN,NaN
03:49:30,|,NaN,NaN,NaN,NaN,NaN,NaN,NaN,NaN,NaN
03:50:30,|,NaN,NaN,NaN,NaN,NaN,NaN,NaN,NaN,NaN
03:51:30,|,NaN,NaN,NaN,NaN,NaN,NaN,NaN,NaN,NaN
03:52:30,|,NaN,NaN,NaN,NaN,NaN,NaN,NaN,NaN,NaN
03:53:30,|,NaN,NaN,NaN,NaN,NaN,NaN,NaN,NaN,NaN
03:54:30,|,NaN,NaN,NaN,NaN,NaN,NaN,NaN,NaN,NaN
03:55:30,|,NaN,NaN,NaN,NaN,NaN,NaN,NaN,NaN,NaN
03:56:30,|,NaN,NaN,NaN,NaN,NaN,NaN,NaN,NaN,NaN
03:57:30,|,NaN,NaN,NaN,NaN,NaN,NaN,NaN,NaN,NaN
03:58:30,|,NaN,NaN,NaN,NaN,NaN,NaN,NaN,NaN,NaN
03:59:30,|,NaN,NaN,NaN,NaN,NaN,NaN,NaN,NaN,NaN
04:00:30,|,NaN,NaN,NaN,NaN,NaN,NaN,NaN,NaN,NaN
04:01:30,|,NaN,NaN,NaN,NaN,NaN,NaN,NaN,NaN,NaN
04:02:30,|,NaN,NaN,NaN,NaN,NaN,NaN,NaN,NaN,NaN
04:03:30,|,NaN,NaN,NaN,NaN,NaN,NaN,NaN,NaN,NaN
04:04:30,|,NaN,NaN,NaN,NaN,NaN,NaN,NaN,NaN,NaN
04:05:30,|,NaN,NaN,NaN,NaN,NaN,NaN,NaN,NaN,NaN
04:06:30,|,NaN,NaN,NaN,NaN,NaN,NaN,NaN,NaN,NaN
04:07:30,|,NaN,NaN,NaN,NaN,NaN,NaN,NaN,NaN,NaN
04:08:30,|,NaN,NaN,NaN,NaN,NaN,NaN,NaN,NaN,NaN
04:09:30,|,NaN,NaN,NaN,NaN,NaN,NaN,NaN,NaN,NaN
04:10:30,|,NaN,NaN,NaN,NaN,NaN,NaN,NaN,NaN,NaN
04:11:30,|,NaN,NaN,NaN,NaN,NaN,NaN,NaN,NaN,NaN
04:12:30,|,NaN,NaN,NaN,NaN,NaN,NaN,NaN,NaN,NaN
04:13:30,|,NaN,NaN,NaN,NaN,NaN,NaN,NaN,NaN,NaN
04:14:30,|,NaN,NaN,NaN,NaN,NaN,NaN,NaN,NaN,NaN
04:15:30,|,NaN,NaN,NaN,NaN,NaN,NaN,NaN,NaN,NaN
04:16:30,|,NaN,NaN,NaN,NaN,NaN,NaN,NaN,NaN,NaN
04:17:30,|,NaN,NaN,NaN,NaN,NaN,NaN,NaN,NaN,NaN
04:18:30,|,NaN,NaN,NaN,NaN,NaN,NaN,NaN,NaN,NaN
04:19:30,|,NaN,NaN,NaN,NaN,NaN,NaN,NaN,NaN,NaN
04:20:30,|,NaN,NaN,NaN,NaN,NaN,NaN,NaN,NaN,NaN
04:21:30,|,NaN,NaN,NaN,NaN,NaN,NaN,NaN,NaN,NaN
04:22:30,|,NaN,NaN,NaN,NaN,NaN,NaN,NaN,NaN,NaN
04:23:30,|,NaN,NaN,NaN,NaN,NaN,NaN,NaN,NaN,NaN
04:24:30,|,NaN,NaN,NaN,NaN,NaN,NaN,NaN,NaN,NaN
04:25:30,|,NaN,NaN,NaN,NaN,NaN,NaN,NaN,NaN,NaN
04:26:30,|,NaN,NaN,NaN,NaN,NaN,NaN,NaN,NaN,NaN
04:27:30,|,NaN,NaN,NaN,NaN,NaN,NaN,NaN,NaN,NaN
04:28:30,|,NaN,NaN,NaN,NaN,NaN,NaN,NaN,NaN,NaN
04:29:30,|,NaN,NaN,NaN,NaN,NaN,NaN,NaN,NaN,NaN
04:30:30,|,NaN,NaN,NaN,NaN,NaN,NaN,NaN,NaN,NaN
04:31:30,|,NaN,NaN,NaN,NaN,NaN,NaN,NaN,NaN,NaN
04:32:30,|,NaN,NaN,NaN,NaN,NaN,NaN,NaN,NaN,NaN
04:33:30,|,NaN,NaN,NaN,NaN,NaN,NaN,NaN,NaN,NaN
04:34:30,|,NaN,NaN,NaN,NaN,NaN,NaN,NaN,NaN,NaN
04:35:30,|,NaN,NaN,NaN,NaN,NaN,NaN,NaN,NaN,NaN
04:36:30,|,NaN,NaN,NaN,NaN,NaN,NaN,NaN,NaN,NaN
04:37:30,|,NaN,NaN,NaN,NaN,NaN,NaN,NaN,NaN,NaN
04:38:30,|,NaN,NaN,NaN,NaN,NaN,NaN,NaN,NaN,NaN
04:39:30,|,NaN,NaN,NaN,NaN,NaN,NaN,NaN,NaN,NaN
04:40:30,|,NaN,NaN,NaN,NaN,NaN,NaN,NaN,NaN,NaN
04:41:30,|,NaN,NaN,NaN,NaN,NaN,NaN,NaN,NaN,NaN
04:42:30,|,NaN,NaN,NaN,NaN,NaN,NaN,NaN,NaN,NaN
04:43:30,|,NaN,NaN,NaN,NaN,NaN,NaN,NaN,NaN,NaN
04:44:30,|,NaN,NaN,NaN,NaN,NaN,NaN,NaN,NaN,NaN
04:45:30,|,NaN,NaN,NaN,NaN,NaN,NaN,NaN,NaN,NaN
04:46:30,|,NaN,NaN,NaN,NaN,NaN,NaN,NaN,NaN,NaN
04:47:30,|,NaN,NaN,NaN,NaN,NaN,NaN,NaN,NaN,NaN
04:48:30,|,NaN,NaN,NaN,NaN,NaN,NaN,NaN,NaN,NaN
04:49:30,|,NaN,NaN,NaN,NaN,NaN,NaN,NaN,NaN,NaN
04:50:30,|,NaN,NaN,NaN,NaN,NaN,NaN,NaN,NaN,NaN
04:51:30,|,NaN,NaN,NaN,NaN,NaN,NaN,NaN,NaN,NaN
04:52:30,|,NaN,NaN,NaN,NaN,NaN,NaN,NaN,NaN,NaN
04:53:30,|,NaN,NaN,NaN,NaN,NaN,NaN,NaN,NaN,NaN
04:54:30,|,NaN,NaN,NaN,NaN,NaN,NaN,NaN,NaN,NaN
04:55:30,|,NaN,NaN,NaN,NaN,NaN,NaN,NaN,NaN,NaN
04:56:30,|,NaN,NaN,NaN,NaN,NaN,NaN,NaN,NaN,NaN
04:57:30,|,NaN,NaN,NaN,NaN,NaN,NaN,NaN,NaN,NaN
04:58:30,|,NaN,NaN,NaN,NaN,NaN,NaN,NaN,NaN,NaN
04:59:30,|,NaN,NaN,NaN,NaN,NaN,NaN,NaN,NaN,NaN
05:00:30,|,NaN,NaN,NaN,NaN,NaN,NaN,NaN,NaN,NaN
05:01:30,|,NaN,NaN,NaN,NaN,NaN,NaN,NaN,NaN,NaN
05:02:30,|,NaN,NaN,NaN,NaN,NaN,NaN,NaN,NaN,NaN
05:03:30,|,NaN,NaN,NaN,NaN,NaN,NaN,NaN,NaN,NaN
05:04:30,|,NaN,NaN,NaN,NaN,NaN,NaN,NaN,NaN,NaN
05:05:30,|,NaN,NaN,NaN,NaN,NaN,NaN,NaN,NaN,NaN
05:06:30,|,NaN,NaN,NaN,NaN,NaN,NaN,NaN,NaN,NaN
05:07:30,|,NaN,NaN,NaN,NaN,NaN,NaN,NaN,NaN,NaN
05:08:30,|,NaN,NaN,NaN,NaN,NaN,NaN,NaN,NaN,NaN
05:09:30,|,NaN,NaN,NaN,NaN,NaN,NaN,NaN,NaN,NaN
05:10:30,|,NaN,NaN,NaN,NaN,NaN,NaN,NaN,NaN,NaN
05:11:30,|,NaN,NaN,NaN,NaN,NaN,NaN,NaN,NaN,NaN
05:12:30,|,NaN,NaN,NaN,NaN,NaN,NaN,NaN,NaN,NaN
05:13:30,|,NaN,NaN,NaN,NaN,NaN,NaN,NaN,NaN,NaN
05:14:30,|,NaN,NaN,NaN,NaN,NaN,NaN,NaN,NaN,NaN
05:15:30,|,NaN,NaN,NaN,NaN,NaN,NaN,NaN,NaN,NaN
05:16:30,|,NaN,NaN,NaN,NaN,NaN,NaN,NaN,NaN,NaN
05:17:30,|,NaN,NaN,NaN,NaN,NaN,NaN,NaN,NaN,NaN
05:18:30,|,NaN,NaN,NaN,NaN,NaN,NaN,NaN,NaN,NaN
05:19:30,|,NaN,NaN,NaN,NaN,NaN,NaN,NaN,NaN,NaN
05:20:30,|,NaN,NaN,NaN,NaN,NaN,NaN,NaN,NaN,NaN
05:21:30,|,NaN,NaN,NaN,NaN,NaN,NaN,NaN,NaN,NaN
05:22:30,|,NaN,NaN,NaN,NaN,NaN,NaN,NaN,NaN,NaN
05:23:30,|,NaN,NaN,NaN,NaN,NaN,NaN,NaN,NaN,NaN
05:24:30,|,NaN,NaN,NaN,NaN,NaN,NaN,NaN,NaN,NaN
05:25:30,|,NaN,NaN,NaN,NaN,NaN,NaN,NaN,NaN,NaN
05:26:30,|,NaN,NaN,NaN,NaN,NaN,NaN,NaN,NaN,NaN
05:27:30,|,NaN,NaN,NaN,NaN,NaN,NaN,NaN,NaN,NaN
05:28:30,|,NaN,NaN,NaN,NaN,NaN,NaN,NaN,NaN,NaN
05:29:30,|,NaN,NaN,NaN,NaN,NaN,NaN,NaN,NaN,NaN
05:30:30,|,NaN,NaN,NaN,NaN,NaN,NaN,NaN,NaN,NaN
05:31:30,|,NaN,NaN,NaN,NaN,NaN,NaN,NaN,NaN,NaN
05:32:30,|,NaN,NaN,NaN,NaN,NaN,NaN,NaN,NaN,NaN
05:33:30,|,NaN,NaN,NaN,NaN,NaN,NaN,NaN,NaN,NaN
05:34:30,|,NaN,NaN,NaN,NaN,NaN,NaN,NaN,NaN,NaN
05:35:30,|,NaN,NaN,NaN,NaN,NaN,NaN,NaN,NaN,NaN
05:36:30,|,NaN,NaN,NaN,NaN,NaN,NaN,NaN,NaN,NaN
05:37:30,|,NaN,NaN,NaN,NaN,NaN,NaN,NaN,NaN,NaN
05:38:30,|,NaN,NaN,NaN,NaN,NaN,NaN,NaN,NaN,NaN
05:39:30,|,NaN,NaN,NaN,NaN,NaN,NaN,NaN,NaN,NaN
05:40:30,|,NaN,NaN,NaN,NaN,NaN,NaN,NaN,NaN,NaN
05:41:30,|,NaN,NaN,NaN,NaN,NaN,NaN,NaN,NaN,NaN
05:42:30,|,NaN,NaN,NaN,NaN,NaN,NaN,NaN,NaN,NaN
05:43:30,|,NaN,NaN,NaN,NaN,NaN,NaN,NaN,NaN,NaN
05:44:30,|,NaN,NaN,NaN,NaN,NaN,NaN,NaN,NaN,NaN
05:45:30,|,NaN,NaN,NaN,NaN,NaN,NaN,NaN,NaN,NaN
05:46:30,|,NaN,NaN,NaN,NaN,NaN,NaN,NaN,NaN,NaN
05:47:30,|,NaN,NaN,NaN,NaN,NaN,NaN,NaN,NaN,NaN
05:48:30,|,NaN,NaN,NaN,NaN,NaN,NaN,NaN,NaN,NaN
05:49:30,|,NaN,NaN,NaN,NaN,NaN,NaN,NaN,NaN,NaN
05:50:30,|,NaN,NaN,NaN,NaN,NaN,NaN,NaN,NaN,NaN
05:51:30,|,NaN,NaN,NaN,NaN,NaN,NaN,NaN,NaN,NaN
05:52:30,|,NaN,NaN,NaN,NaN,NaN,NaN,NaN,NaN,NaN
05:53:30,|,NaN,NaN,NaN,NaN,NaN,NaN,NaN,NaN,NaN
05:54:30,|,NaN,NaN,NaN,NaN,NaN,NaN,NaN,NaN,NaN
05:55:30,|,NaN,NaN,NaN,NaN,NaN,NaN,NaN,NaN,NaN
05:56:30,|,NaN,NaN,NaN,NaN,NaN,NaN,NaN,NaN,NaN
05:57:30,|,NaN,NaN,NaN,NaN,NaN,NaN,NaN,NaN,NaN
05:58:30,|,NaN,NaN,NaN,NaN,NaN,NaN,NaN,NaN,NaN
05:59:30,|,NaN,NaN,NaN,NaN,NaN,NaN,NaN,NaN,NaN
06:00:30,|,NaN,NaN,NaN,NaN,NaN,NaN,NaN,NaN,NaN
06:01:30,|,NaN,NaN,NaN,NaN,NaN,NaN,NaN,NaN,NaN
06:02:30,|,NaN,NaN,NaN,NaN,NaN,NaN,NaN,NaN,NaN
06:03:30,|,NaN,NaN,NaN,NaN,NaN,NaN,NaN,NaN,NaN
06:04:30,|,NaN,NaN,NaN,NaN,NaN,NaN,NaN,NaN,NaN
06:05:30,|,NaN,NaN,NaN,NaN,NaN,NaN,NaN,NaN,NaN
06:06:30,|,NaN,NaN,NaN,NaN,NaN,NaN,NaN,NaN,NaN
06:07:30,|,NaN,NaN,NaN,NaN,NaN,NaN,NaN,NaN,NaN
06:08:30,|,NaN,NaN,NaN,NaN,NaN,NaN,NaN,NaN,NaN
06:09:30,|,NaN,NaN,NaN,NaN,NaN,NaN,NaN,NaN,NaN
06:10:30,|,NaN,NaN,NaN,NaN,NaN,NaN,NaN,NaN,NaN
06:11:30,|,NaN,NaN,NaN,NaN,NaN,NaN,NaN,NaN,NaN
06:12:30,|,NaN,NaN,NaN,NaN,NaN,NaN,NaN,NaN,NaN
06:13:30,|,NaN,NaN,NaN,NaN,NaN,NaN,NaN,NaN,NaN
06:14:30,|,NaN,NaN,NaN,NaN,NaN,NaN,NaN,NaN,NaN
06:15:30,|,NaN,NaN,NaN,NaN,NaN,NaN,NaN,NaN,NaN
06:16:30,|,NaN,NaN,NaN,NaN,NaN,NaN,NaN,NaN,NaN
06:17:30,|,NaN,NaN,NaN,NaN,NaN,NaN,NaN,NaN,NaN
06:18:30,|,NaN,NaN,NaN,NaN,NaN,NaN,NaN,NaN,NaN
06:19:30,|,NaN,NaN,NaN,NaN,NaN,NaN,NaN,NaN,NaN
06:20:30,|,NaN,NaN,NaN,NaN,NaN,NaN,NaN,NaN,NaN
06:21:30,|,NaN,NaN,NaN,NaN,NaN,NaN,NaN,NaN,NaN
06:22:30,|,NaN,NaN,NaN,NaN,NaN,NaN,NaN,NaN,NaN
06:23:30,|,NaN,NaN,NaN,NaN,NaN,NaN,NaN,NaN,NaN
06:24:30,|,NaN,NaN,NaN,NaN,NaN,NaN,NaN,NaN,NaN
06:25:30,|,NaN,NaN,NaN,NaN,NaN,NaN,NaN,NaN,NaN
06:26:30,|,NaN,NaN,NaN,NaN,NaN,NaN,NaN,NaN,NaN
06:27:30,|,NaN,NaN,NaN,NaN,NaN,NaN,NaN,NaN,NaN
06:28:30,|,NaN,NaN,NaN,NaN,NaN,NaN,NaN,NaN,NaN
06:29:30,|,NaN,NaN,NaN,NaN,NaN,NaN,NaN,NaN,NaN
06:30:30,|,NaN,NaN,NaN,NaN,NaN,NaN,NaN,NaN,NaN
06:31:30,|,NaN,NaN,NaN,NaN,NaN,NaN,NaN,NaN,NaN
06:32:30,|,NaN,NaN,NaN,NaN,NaN,NaN,NaN,NaN,NaN
06:33:30,|,NaN,NaN,NaN,NaN,NaN,NaN,NaN,NaN,NaN
06:34:30,|,NaN,NaN,NaN,NaN,NaN,NaN,NaN,NaN,NaN
06:35:30,|,NaN,NaN,NaN,NaN,NaN,NaN,NaN,NaN,NaN
06:36:30,|,NaN,NaN,NaN,NaN,NaN,NaN,NaN,NaN,NaN
06:37:30,|,NaN,NaN,NaN,NaN,NaN,NaN,NaN,NaN,NaN
06:38:30,|,NaN,NaN,NaN,NaN,NaN,NaN,NaN,NaN,NaN
06:39:30,|,NaN,NaN,NaN,NaN,NaN,NaN,NaN,NaN,NaN
06:40:30,|,NaN,NaN,NaN,NaN,NaN,NaN,NaN,NaN,NaN
06:41:30,|,NaN,NaN,NaN,NaN,NaN,NaN,NaN,NaN,NaN
06:42:30,|,NaN,NaN,NaN,NaN,NaN,NaN,NaN,NaN,NaN
06:43:30,|,NaN,NaN,NaN,NaN,NaN,NaN,NaN,NaN,NaN
06:44:30,|,NaN,NaN,NaN,NaN,NaN,NaN,NaN,NaN,NaN
06:45:30,|,NaN,NaN,NaN,NaN,NaN,NaN,NaN,NaN,NaN
06:46:30,|,NaN,NaN,NaN,NaN,NaN,NaN,NaN,NaN,NaN
06:47:30,|,NaN,NaN,NaN,NaN,NaN,NaN,NaN,NaN,NaN
06:48:30,|,NaN,NaN,NaN,NaN,NaN,NaN,NaN,NaN,NaN
06:49:30,|,NaN,NaN,NaN,NaN,NaN,NaN,NaN,NaN,NaN
06:50:30,|,NaN,NaN,NaN,NaN,NaN,NaN,NaN,NaN,NaN
06:51:30,|,NaN,NaN,NaN,NaN,NaN,NaN,NaN,NaN,NaN
06:52:30,|,NaN,NaN,NaN,NaN,NaN,NaN,NaN,NaN,NaN
06:53:30,|,NaN,NaN,NaN,NaN,NaN,NaN,NaN,NaN,NaN
06:54:30,|,NaN,NaN,NaN,NaN,NaN,NaN,NaN,NaN,NaN
06:55:30,|,NaN,NaN,NaN,NaN,NaN,NaN,NaN,NaN,NaN
06:56:30,|,NaN,NaN,NaN,NaN,NaN,NaN,NaN,NaN,NaN
06:57:30,|,NaN,NaN,NaN,NaN,NaN,NaN,NaN,NaN,NaN
06:58:30,|,NaN,NaN,NaN,NaN,NaN,NaN,NaN,NaN,NaN
06:59:30,|,NaN,NaN,NaN,NaN,NaN,NaN,NaN,NaN,NaN
07:00:30,|,NaN,NaN,NaN,NaN,NaN,NaN,NaN,NaN,NaN
07:01:30,|,NaN,NaN,NaN,NaN,NaN,NaN,NaN,NaN,NaN
07:02:30,|,NaN,NaN,NaN,NaN,NaN,NaN,NaN,NaN,NaN
07:03:30,|,NaN,NaN,NaN,NaN,NaN,NaN,NaN,NaN,NaN
07:04:30,|,NaN,NaN,NaN,NaN,NaN,NaN,NaN,NaN,NaN
07:05:30,|,NaN,NaN,NaN,NaN,NaN,NaN,NaN,NaN,NaN
07:06:30,|,NaN,NaN,NaN,NaN,NaN,NaN,NaN,NaN,NaN
07:07:30,|,NaN,NaN,NaN,NaN,NaN,NaN,NaN,NaN,NaN
07:08:30,|,NaN,NaN,NaN,NaN,NaN,NaN,NaN,NaN,NaN
07:09:30,|,NaN,NaN,NaN,NaN,NaN,NaN,NaN,NaN,NaN
07:10:30,|,NaN,NaN,NaN,NaN,NaN,NaN,NaN,NaN,NaN
07:11:30,|,NaN,NaN,NaN,NaN,NaN,NaN,NaN,NaN,NaN
07:12:30,|,NaN,NaN,NaN,NaN,NaN,NaN,NaN,NaN,NaN
07:13:30,|,NaN,NaN,NaN,NaN,NaN,NaN,NaN,NaN,NaN
07:14:30,|,NaN,NaN,NaN,NaN,NaN,NaN,NaN,NaN,NaN
07:15:30,|,NaN,NaN,NaN,NaN,NaN,NaN,NaN,NaN,NaN
07:16:30,|,NaN,NaN,NaN,NaN,NaN,NaN,NaN,NaN,NaN
07:17:30,|,NaN,NaN,NaN,NaN,NaN,NaN,NaN,NaN,NaN
07:18:30,|,NaN,NaN,NaN,NaN,NaN,NaN,NaN,NaN,NaN
07:19:30,|,NaN,NaN,NaN,NaN,NaN,NaN,NaN,NaN,NaN
07:20:30,|,NaN,NaN,NaN,NaN,NaN,NaN,NaN,NaN,NaN
07:21:30,|,NaN,NaN,NaN,NaN,NaN,NaN,NaN,NaN,NaN
07:22:30,|,NaN,NaN,NaN,NaN,NaN,NaN,NaN,NaN,NaN
07:23:30,|,NaN,NaN,NaN,NaN,NaN,NaN,NaN,NaN,NaN
07:24:30,|,NaN,NaN,NaN,NaN,NaN,NaN,NaN,NaN,NaN
07:25:30,|,NaN,NaN,NaN,NaN,NaN,NaN,NaN,NaN,NaN
07:26:30,|,NaN,NaN,NaN,NaN,NaN,NaN,NaN,NaN,NaN
07:27:30,|,NaN,NaN,NaN,NaN,NaN,NaN,NaN,NaN,NaN
07:28:30,|,NaN,NaN,NaN,NaN,NaN,NaN,NaN,NaN,NaN
07:29:30,|,NaN,NaN,NaN,NaN,NaN,NaN,NaN,NaN,NaN
07:30:30,|,NaN,NaN,NaN,NaN,NaN,NaN,NaN,NaN,NaN
07:31:30,|,NaN,NaN,NaN,NaN,NaN,NaN,NaN,NaN,NaN
07:32:30,|,NaN,NaN,NaN,NaN,NaN,NaN,NaN,NaN,NaN
07:33:30,|,NaN,NaN,NaN,NaN,NaN,NaN,NaN,NaN,NaN
07:34:30,|,NaN,NaN,NaN,NaN,NaN,NaN,NaN,NaN,NaN
07:35:30,|,NaN,NaN,NaN,NaN,NaN,NaN,NaN,NaN,NaN
07:36:30,|,NaN,NaN,NaN,NaN,NaN,NaN,NaN,NaN,NaN
07:37:30,|,NaN,NaN,NaN,NaN,NaN,NaN,NaN,NaN,NaN
07:38:30,|,NaN,NaN,NaN,NaN,NaN,NaN,NaN,NaN,NaN
07:39:30,|,NaN,NaN,NaN,NaN,NaN,NaN,NaN,NaN,NaN
07:40:30,|,NaN,NaN,NaN,NaN,NaN,NaN,NaN,NaN,NaN
07:41:30,|,NaN,NaN,NaN,NaN,NaN,NaN,NaN,NaN,NaN
07:42:30,|,NaN,NaN,NaN,NaN,NaN,NaN,NaN,NaN,NaN
07:43:30,|,NaN,NaN,NaN,NaN,NaN,NaN,NaN,NaN,NaN
07:44:30,|,NaN,NaN,NaN,NaN,NaN,NaN,NaN,NaN,NaN
07:45:30,|,NaN,NaN,NaN,NaN,NaN,NaN,NaN,NaN,NaN
07:46:30,|,NaN,NaN,NaN,NaN,NaN,NaN,NaN,NaN,NaN
07:47:30,|,NaN,NaN,NaN,NaN,NaN,NaN,NaN,NaN,NaN
07:48:30,|,NaN,NaN,NaN,NaN,NaN,NaN,NaN,NaN,NaN
07:49:30,|,NaN,NaN,NaN,NaN,NaN,NaN,NaN,NaN,NaN
07:50:30,|,NaN,NaN,NaN,NaN,NaN,NaN,NaN,NaN,NaN
07:51:30,|,NaN,NaN,NaN,NaN,NaN,NaN,NaN,NaN,NaN
07:52:30,|,NaN,NaN,NaN,NaN,NaN,NaN,NaN,NaN,NaN
07:53:30,|,NaN,NaN,NaN,NaN,NaN,NaN,NaN,NaN,NaN
07:54:30,|,NaN,NaN,NaN,NaN,NaN,NaN,NaN,NaN,NaN
07:55:30,|,NaN,NaN,NaN,NaN,NaN,NaN,NaN,NaN,NaN
07:56:30,|,NaN,NaN,NaN,NaN,NaN,NaN,NaN,NaN,NaN
07:57:30,|,NaN,NaN,NaN,NaN,NaN,NaN,NaN,NaN,NaN
07:58:30,|,NaN,NaN,NaN,NaN,NaN,NaN,NaN,NaN,NaN
07:59:30,|,NaN,NaN,NaN,NaN,NaN,NaN,NaN,NaN,NaN
08:00:30,|,NaN,NaN,NaN,NaN,NaN,NaN,NaN,NaN,NaN
08:01:30,|,NaN,NaN,NaN,NaN,NaN,NaN,NaN,NaN,NaN
08:02:30,|,NaN,NaN,NaN,NaN,NaN,NaN,NaN,NaN,NaN
08:03:30,|,NaN,NaN,NaN,NaN,NaN,NaN,NaN,NaN,NaN
08:04:30,|,NaN,NaN,NaN,NaN,NaN,NaN,NaN,NaN,NaN
08:05:30,|,NaN,NaN,NaN,NaN,NaN,NaN,NaN,NaN,NaN
08:06:30,|,NaN,NaN,NaN,NaN,NaN,NaN,NaN,NaN,NaN
08:07:30,|,NaN,NaN,NaN,NaN,NaN,NaN,NaN,NaN,NaN
08:08:30,|,NaN,NaN,NaN,NaN,NaN,NaN,NaN,NaN,NaN
08:09:30,|,NaN,NaN,NaN,NaN,NaN,NaN,NaN,NaN,NaN
08:10:30,|,NaN,NaN,NaN,NaN,NaN,NaN,NaN,NaN,NaN
08:11:30,|,NaN,NaN,NaN,NaN,NaN,NaN,NaN,NaN,NaN
08:12:30,|,NaN,NaN,NaN,NaN,NaN,NaN,NaN,NaN,NaN
08:13:30,|,NaN,NaN,NaN,NaN,NaN,NaN,NaN,NaN,NaN
08:14:30,|,NaN,NaN,NaN,NaN,NaN,NaN,NaN,NaN,NaN
08:15:30,|,NaN,NaN,NaN,NaN,NaN,NaN,NaN,NaN,NaN
08:16:30,|,NaN,NaN,NaN,NaN,NaN,NaN,NaN,NaN,NaN
08:17:30,|,NaN,NaN,NaN,NaN,NaN,NaN,NaN,NaN,NaN
08:18:30,|,NaN,NaN,NaN,NaN,NaN,NaN,NaN,NaN,NaN
08:19:30,|,NaN,NaN,NaN,NaN,NaN,NaN,NaN,NaN,NaN
08:20:30,|,NaN,NaN,NaN,NaN,NaN,NaN,NaN,NaN,NaN
08:21:30,|,NaN,NaN,NaN,NaN,NaN,NaN,NaN,NaN,NaN
08:22:30,|,NaN,NaN,NaN,NaN,NaN,NaN,NaN,NaN,NaN
08:23:30,|,NaN,NaN,NaN,NaN,NaN,NaN,NaN,NaN,NaN
08:24:30,|,NaN,NaN,NaN,NaN,NaN,NaN,NaN,NaN,NaN
08:25:30,|,NaN,NaN,NaN,NaN,NaN,NaN,NaN,NaN,NaN
08:26:30,|,NaN,NaN,NaN,NaN,NaN,NaN,NaN,NaN,NaN
08:27:30,|,NaN,NaN,NaN,NaN,NaN,NaN,NaN,NaN,NaN
08:28:30,|,NaN,NaN,NaN,NaN,NaN,NaN,NaN,NaN,NaN
08:29:30,|,NaN,NaN,NaN,NaN,NaN,NaN,NaN,NaN,NaN
08:30:30,|,NaN,NaN,NaN,NaN,NaN,NaN,NaN,NaN,NaN
08:31:30,|,NaN,NaN,NaN,NaN,NaN,NaN,NaN,NaN,NaN
08:32:30,|,NaN,NaN,NaN,NaN,NaN,NaN,NaN,NaN,NaN
08:33:30,|,NaN,NaN,NaN,NaN,NaN,NaN,NaN,NaN,NaN
08:34:30,|,NaN,NaN,NaN,NaN,NaN,NaN,NaN,NaN,NaN
08:35:30,|,NaN,NaN,NaN,NaN,NaN,NaN,NaN,NaN,NaN
08:36:30,|,NaN,NaN,NaN,NaN,NaN,NaN,NaN,NaN,NaN
08:37:30,|,NaN,NaN,NaN,NaN,NaN,NaN,NaN,NaN,NaN
08:38:30,|,NaN,NaN,NaN,NaN,NaN,NaN,NaN,NaN,NaN
08:39:30,|,NaN,NaN,NaN,NaN,NaN,NaN,NaN,NaN,NaN
08:40:30,|,NaN,NaN,NaN,NaN,NaN,NaN,NaN,NaN,NaN
08:41:30,|,NaN,NaN,NaN,NaN,NaN,NaN,NaN,NaN,NaN
08:42:30,|,NaN,NaN,NaN,NaN,NaN,NaN,NaN,NaN,NaN
08:43:30,|,NaN,NaN,NaN,NaN,NaN,NaN,NaN,NaN,NaN
08:44:30,|,NaN,NaN,NaN,NaN,NaN,NaN,NaN,NaN,NaN
08:45:30,|,NaN,NaN,NaN,NaN,NaN,NaN,NaN,NaN,NaN
08:46:30,|,NaN,NaN,NaN,NaN,NaN,NaN,NaN,NaN,NaN
08:47:30,|,NaN,NaN,NaN,NaN,NaN,NaN,NaN,NaN,NaN
08:48:30,|,NaN,NaN,NaN,NaN,NaN,NaN,NaN,NaN,NaN
08:49:30,|,NaN,NaN,NaN,NaN,NaN,NaN,NaN,NaN,NaN
08:50:30,|,NaN,NaN,NaN,NaN,NaN,NaN,NaN,NaN,NaN
08:51:30,|,NaN,NaN,NaN,NaN,NaN,NaN,NaN,NaN,NaN
08:52:30,|,NaN,NaN,NaN,NaN,NaN,NaN,NaN,NaN,NaN
08:53:30,|,NaN,NaN,NaN,NaN,NaN,NaN,NaN,NaN,NaN
08:54:30,|,NaN,NaN,NaN,NaN,NaN,NaN,NaN,NaN,NaN
08:55:30,|,NaN,NaN,NaN,NaN,NaN,NaN,NaN,NaN,NaN
08:56:30,|,NaN,NaN,NaN,NaN,NaN,NaN,NaN,NaN,NaN
08:57:30,|,NaN,NaN,NaN,NaN,NaN,NaN,NaN,NaN,NaN
08:58:30,|,NaN,NaN,NaN,NaN,NaN,NaN,NaN,NaN,NaN
08:59:30,|,NaN,NaN,NaN,NaN,NaN,NaN,NaN,NaN,NaN
09:00:30,|,NaN,NaN,NaN,NaN,NaN,NaN,NaN,NaN,NaN
09:01:30,|,NaN,NaN,NaN,NaN,NaN,NaN,NaN,NaN,NaN
09:02:30,|,NaN,NaN,NaN,NaN,NaN,NaN,NaN,NaN,NaN
09:03:30,|,NaN,NaN,NaN,NaN,NaN,NaN,NaN,NaN,NaN
09:04:30,|,NaN,NaN,NaN,NaN,NaN,NaN,NaN,NaN,NaN
09:05:30,|,NaN,NaN,NaN,NaN,NaN,NaN,NaN,NaN,NaN
09:06:30,|,NaN,NaN,NaN,NaN,NaN,NaN,NaN,NaN,NaN
09:07:30,|,NaN,NaN,NaN,NaN,NaN,NaN,NaN,NaN,NaN
09:08:30,|,NaN,NaN,NaN,NaN,NaN,NaN,NaN,NaN,NaN
09:09:30,|,NaN,NaN,NaN,NaN,NaN,NaN,NaN,NaN,NaN
09:10:30,|,NaN,NaN,NaN,NaN,NaN,NaN,NaN,NaN,NaN
09:11:30,|,NaN,NaN,NaN,NaN,NaN,NaN,NaN,NaN,NaN
09:12:30,|,NaN,NaN,NaN,NaN,NaN,NaN,NaN,NaN,NaN
09:13:30,|,NaN,NaN,NaN,NaN,NaN,NaN,NaN,NaN,NaN
09:14:30,|,NaN,NaN,NaN,NaN,NaN,NaN,NaN,NaN,NaN
09:15:30,|,NaN,NaN,NaN,NaN,NaN,NaN,NaN,NaN,NaN
09:16:30,|,NaN,NaN,NaN,NaN,NaN,NaN,NaN,NaN,NaN
09:17:30,|,NaN,NaN,NaN,NaN,NaN,NaN,NaN,NaN,NaN
09:18:30,|,NaN,NaN,NaN,NaN,NaN,NaN,NaN,NaN,NaN
09:19:30,|,NaN,NaN,NaN,NaN,NaN,NaN,NaN,NaN,NaN
09:20:30,|,NaN,NaN,NaN,NaN,NaN,NaN,NaN,NaN,NaN
09:21:30,|,NaN,NaN,NaN,NaN,NaN,NaN,NaN,NaN,NaN
09:22:30,|,NaN,NaN,NaN,NaN,NaN,NaN,NaN,NaN,NaN
09:23:30,|,NaN,NaN,NaN,NaN,NaN,NaN,NaN,NaN,NaN
09:24:30,|,NaN,NaN,NaN,NaN,NaN,NaN,NaN,NaN,NaN
09:25:30,|,NaN,NaN,NaN,NaN,NaN,NaN,NaN,NaN,NaN
09:26:30,|,NaN,NaN,NaN,NaN,NaN,NaN,NaN,NaN,NaN
09:27:30,|,NaN,NaN,NaN,NaN,NaN,NaN,NaN,NaN,NaN
09:28:30,|,NaN,NaN,NaN,NaN,NaN,NaN,NaN,NaN,NaN
09:29:30,|,NaN,NaN,NaN,NaN,NaN,NaN,NaN,NaN,NaN
09:30:30,|,NaN,NaN,NaN,NaN,NaN,NaN,NaN,NaN,NaN
09:31:30,|,NaN,NaN,NaN,NaN,NaN,NaN,NaN,NaN,NaN
09:32:30,|,NaN,NaN,NaN,NaN,NaN,NaN,NaN,NaN,NaN
09:33:30,|,NaN,NaN,NaN,NaN,NaN,NaN,NaN,NaN,NaN
09:34:30,|,NaN,NaN,NaN,NaN,NaN,NaN,NaN,NaN,NaN
09:35:30,|,NaN,NaN,NaN,NaN,NaN,NaN,NaN,NaN,NaN
09:36:30,|,NaN,NaN,NaN,NaN,NaN,NaN,NaN,NaN,NaN
09:37:30,|,NaN,NaN,NaN,NaN,NaN,NaN,NaN,NaN,NaN
09:38:30,|,NaN,NaN,NaN,NaN,NaN,NaN,NaN,NaN,NaN
09:39:30,|,NaN,NaN,NaN,NaN,NaN,NaN,NaN,NaN,NaN
09:40:30,|,NaN,NaN,NaN,NaN,NaN,NaN,NaN,NaN,NaN
09:41:30,|,NaN,NaN,NaN,NaN,NaN,NaN,NaN,NaN,NaN
09:42:30,|,NaN,NaN,NaN,NaN,NaN,NaN,NaN,NaN,NaN
09:43:30,|,NaN,NaN,NaN,NaN,NaN,NaN,NaN,NaN,NaN
09:44:30,|,NaN,NaN,NaN,NaN,NaN,NaN,NaN,NaN,NaN
09:45:30,|,NaN,NaN,NaN,NaN,NaN,NaN,NaN,NaN,NaN
09:46:30,|,NaN,NaN,NaN,NaN,NaN,NaN,NaN,NaN,NaN
09:47:30,|,NaN,NaN,NaN,NaN,NaN,NaN,NaN,NaN,NaN
09:48:30,|,NaN,NaN,NaN,NaN,NaN,NaN,NaN,NaN,NaN
09:49:30,|,NaN,NaN,NaN,NaN,NaN,NaN,NaN,NaN,NaN
09:50:30,|,NaN,NaN,NaN,NaN,NaN,NaN,NaN,NaN,NaN
09:51:30,|,NaN,NaN,NaN,NaN,NaN,NaN,NaN,NaN,NaN
09:52:30,|,NaN,NaN,NaN,NaN,NaN,NaN,NaN,NaN,NaN
09:53:30,|,NaN,NaN,NaN,NaN,NaN,NaN,NaN,NaN,NaN
09:54:30,|,NaN,NaN,NaN,NaN,NaN,NaN,NaN,NaN,NaN
09:55:30,|,NaN,NaN,NaN,NaN,NaN,NaN,NaN,NaN,NaN
09:56:30,|,NaN,NaN,NaN,NaN,NaN,NaN,NaN,NaN,NaN
09:57:30,|,NaN,NaN,NaN,NaN,NaN,NaN,NaN,NaN,NaN
09:58:30,|,NaN,NaN,NaN,NaN,NaN,NaN,NaN,NaN,NaN
09:59:30,|,NaN,NaN,NaN,NaN,NaN,NaN,NaN,NaN,NaN
10:00:30,|,NaN,NaN,NaN,NaN,NaN,NaN,NaN,NaN,NaN
10:01:30,|,NaN,NaN,NaN,NaN,NaN,NaN,NaN,NaN,NaN
10:02:30,|,NaN,NaN,NaN,NaN,NaN,NaN,NaN,NaN,NaN
10:03:30,|,NaN,NaN,NaN,NaN,NaN,NaN,NaN,NaN,NaN
10:04:30,|,NaN,NaN,NaN,NaN,NaN,NaN,NaN,NaN,NaN
10:05:30,|,NaN,NaN,NaN,NaN,NaN,NaN,NaN,NaN,NaN
10:06:30,|,NaN,NaN,NaN,NaN,NaN,NaN,NaN,NaN,NaN
10:07:30,|,NaN,NaN,NaN,NaN,NaN,NaN,NaN,NaN,NaN
10:08:30,|,NaN,NaN,NaN,NaN,NaN,NaN,NaN,NaN,NaN
10:09:30,|,NaN,NaN,NaN,NaN,NaN,NaN,NaN,NaN,NaN
10:10:30,|,NaN,NaN,NaN,NaN,NaN,NaN,NaN,NaN,NaN
10:11:30,|,NaN,NaN,NaN,NaN,NaN,NaN,NaN,NaN,NaN
10:12:30,|,NaN,NaN,NaN,NaN,NaN,NaN,NaN,NaN,NaN
10:13:30,|,NaN,NaN,NaN,NaN,NaN,NaN,NaN,NaN,NaN
10:14:30,|,NaN,NaN,NaN,NaN,NaN,NaN,NaN,NaN,NaN
10:15:30,|,NaN,NaN,NaN,NaN,NaN,NaN,NaN,NaN,NaN
10:16:30,|,NaN,NaN,NaN,NaN,NaN,NaN,NaN,NaN,NaN
10:17:30,|,NaN,NaN,NaN,NaN,NaN,NaN,NaN,NaN,NaN
10:18:30,|,NaN,NaN,NaN,NaN,NaN,NaN,NaN,NaN,NaN
10:19:30,|,NaN,NaN,NaN,NaN,NaN,NaN,NaN,NaN,NaN
10:20:30,|,NaN,NaN,NaN,NaN,NaN,NaN,NaN,NaN,NaN
10:21:30,|,NaN,NaN,NaN,NaN,NaN,NaN,NaN,NaN,NaN
10:22:30,|,NaN,NaN,NaN,NaN,NaN,NaN,NaN,NaN,NaN
10:23:30,|,NaN,NaN,NaN,NaN,NaN,NaN,NaN,NaN,NaN
10:24:30,|,NaN,NaN,NaN,NaN,NaN,NaN,NaN,NaN,NaN
10:25:30,|,NaN,NaN,NaN,NaN,NaN,NaN,NaN,NaN,NaN
10:26:30,|,NaN,NaN,NaN,NaN,NaN,NaN,NaN,NaN,NaN
10:27:30,|,NaN,NaN,NaN,NaN,NaN,NaN,NaN,NaN,NaN
10:28:30,|,NaN,NaN,NaN,NaN,NaN,NaN,NaN,NaN,NaN
10:29:30,|,NaN,NaN,NaN,NaN,NaN,NaN,NaN,NaN,NaN
10:30:30,|,NaN,NaN,NaN,NaN,NaN,NaN,NaN,NaN,NaN
10:31:30,|,NaN,NaN,NaN,NaN,NaN,NaN,NaN,NaN,NaN
10:32:30,|,NaN,NaN,NaN,NaN,NaN,NaN,NaN,NaN,NaN
10:33:30,|,NaN,NaN,NaN,NaN,NaN,NaN,NaN,NaN,NaN
10:34:30,|,NaN,NaN,NaN,NaN,NaN,NaN,NaN,NaN,NaN
10:35:30,|,NaN,NaN,NaN,NaN,NaN,NaN,NaN,NaN,NaN
10:36:30,|,NaN,NaN,NaN,NaN,NaN,NaN,NaN,NaN,NaN
10:37:30,|,NaN,NaN,NaN,NaN,NaN,NaN,NaN,NaN,NaN
10:38:30,|,NaN,NaN,NaN,NaN,NaN,NaN,NaN,NaN,NaN
10:39:30,|,NaN,NaN,NaN,NaN,NaN,NaN,NaN,NaN,NaN
10:40:30,|,NaN,NaN,NaN,NaN,NaN,NaN,NaN,NaN,NaN
10:41:30,|,NaN,NaN,NaN,NaN,NaN,NaN,NaN,NaN,NaN
10:42:30,|,NaN,NaN,NaN,NaN,NaN,NaN,NaN,NaN,NaN
10:43:30,|,NaN,NaN,NaN,NaN,NaN,NaN,NaN,NaN,NaN
10:44:30,|,NaN,NaN,NaN,NaN,NaN,NaN,NaN,NaN,NaN
10:45:30,|,NaN,NaN,NaN,NaN,NaN,NaN,NaN,NaN,NaN
10:46:30,|,NaN,NaN,NaN,NaN,NaN,NaN,NaN,NaN,NaN
10:47:30,|,NaN,NaN,NaN,NaN,NaN,NaN,NaN,NaN,NaN
10:48:30,|,NaN,NaN,NaN,NaN,NaN,NaN,NaN,NaN,NaN
10:49:30,|,NaN,NaN,NaN,NaN,NaN,NaN,NaN,NaN,NaN
10:50:30,|,NaN,NaN,NaN,NaN,NaN,NaN,NaN,NaN,NaN
10:51:30,|,NaN,NaN,NaN,NaN,NaN,NaN,NaN,NaN,NaN
10:52:30,|,NaN,NaN,NaN,NaN,NaN,NaN,NaN,NaN,NaN
10:53:30,|,NaN,NaN,NaN,NaN,NaN,NaN,NaN,NaN,NaN
10:54:30,|,NaN,NaN,NaN,NaN,NaN,NaN,NaN,NaN,NaN
10:55:30,|,NaN,NaN,NaN,NaN,NaN,NaN,NaN,NaN,NaN
10:56:30,|,NaN,NaN,NaN,NaN,NaN,NaN,NaN,NaN,NaN
10:57:30,|,NaN,NaN,NaN,NaN,NaN,NaN,NaN,NaN,NaN
10:58:30,|,NaN,NaN,NaN,NaN,NaN,NaN,NaN,NaN,NaN
10:59:30,|,NaN,NaN,NaN,NaN,NaN,NaN,NaN,NaN,NaN
11:00:30,|,NaN,NaN,NaN,NaN,NaN,NaN,NaN,NaN,NaN
11:01:30,|,NaN,NaN,NaN,NaN,NaN,NaN,NaN,NaN,NaN
11:02:30,|,NaN,NaN,NaN,NaN,NaN,NaN,NaN,NaN,NaN
11:03:30,|,NaN,NaN,NaN,NaN,NaN,NaN,NaN,NaN,NaN
11:04:30,|,NaN,NaN,NaN,NaN,NaN,NaN,NaN,NaN,NaN
11:05:30,|,NaN,NaN,NaN,NaN,NaN,NaN,NaN,NaN,NaN
11:06:30,|,NaN,NaN,NaN,NaN,NaN,NaN,NaN,NaN,NaN
11:07:30,|,NaN,NaN,NaN,NaN,NaN,NaN,NaN,NaN,NaN
11:08:30,|,NaN,NaN,NaN,NaN,NaN,NaN,NaN,NaN,NaN
11:09:30,|,NaN,NaN,NaN,NaN,NaN,NaN,NaN,NaN,NaN
11:10:30,|,NaN,NaN,NaN,NaN,NaN,NaN,NaN,NaN,NaN
11:11:30,|,NaN,NaN,NaN,NaN,NaN,NaN,NaN,NaN,NaN
11:12:30,|,NaN,NaN,NaN,NaN,NaN,NaN,NaN,NaN,NaN
11:13:30,|,NaN,NaN,NaN,NaN,NaN,NaN,NaN,NaN,NaN
11:14:30,|,NaN,NaN,NaN,NaN,NaN,NaN,NaN,NaN,NaN
11:15:30,|,NaN,NaN,NaN,NaN,NaN,NaN,NaN,NaN,NaN
11:16:30,|,NaN,NaN,NaN,NaN,NaN,NaN,NaN,NaN,NaN
11:17:30,|,NaN,NaN,NaN,NaN,NaN,NaN,NaN,NaN,NaN
11:18:30,|,NaN,NaN,NaN,NaN,NaN,NaN,NaN,NaN,NaN
11:19:30,|,NaN,NaN,NaN,NaN,NaN,NaN,NaN,NaN,NaN
11:20:30,|,NaN,NaN,NaN,NaN,NaN,NaN,NaN,NaN,NaN
11:21:30,|,NaN,NaN,NaN,NaN,NaN,NaN,NaN,NaN,NaN
11:22:30,|,NaN,NaN,NaN,NaN,NaN,NaN,NaN,NaN,NaN
11:23:30,|,NaN,NaN,NaN,NaN,NaN,NaN,NaN,NaN,NaN
11:24:30,|,NaN,NaN,NaN,NaN,NaN,NaN,NaN,NaN,NaN
11:25:30,|,NaN,NaN,NaN,NaN,NaN,NaN,NaN,NaN,NaN
11:26:30,|,NaN,NaN,NaN,NaN,NaN,NaN,NaN,NaN,NaN
11:27:30,|,NaN,NaN,NaN,NaN,NaN,NaN,NaN,NaN,NaN
11:28:30,|,NaN,NaN,NaN,NaN,NaN,NaN,NaN,NaN,NaN
11:29:30,|,NaN,NaN,NaN,NaN,NaN,NaN,NaN,NaN,NaN
11:30:30,|,NaN,NaN,NaN,NaN,NaN,NaN,NaN,NaN,NaN
11:31:30,|,NaN,NaN,NaN,NaN,NaN,NaN,NaN,NaN,NaN
11:32:30,|,NaN,NaN,NaN,NaN,NaN,NaN,NaN,NaN,NaN
11:33:30,|,NaN,NaN,NaN,NaN,NaN,NaN,NaN,NaN,NaN
11:34:30,|,NaN,NaN,NaN,NaN,NaN,NaN,NaN,NaN,NaN
11:35:30,|,NaN,NaN,NaN,NaN,NaN,NaN,NaN,NaN,NaN
11:36:30,|,NaN,NaN,NaN,NaN,NaN,NaN,NaN,NaN,NaN
11:37:30,|,NaN,NaN,NaN,NaN,NaN,NaN,NaN,NaN,NaN
11:38:30,|,NaN,NaN,NaN,NaN,NaN,NaN,NaN,NaN,NaN
11:39:30,|,NaN,NaN,NaN,NaN,NaN,NaN,NaN,NaN,NaN
11:40:30,|,NaN,NaN,NaN,NaN,NaN,NaN,NaN,NaN,NaN
11:41:30,|,NaN,NaN,NaN,NaN,NaN,NaN,NaN,NaN,NaN
11:42:30,|,NaN,NaN,NaN,NaN,NaN,NaN,NaN,NaN,NaN
11:43:30,|,NaN,NaN,NaN,NaN,NaN,NaN,NaN,NaN,NaN
11:44:30,|,NaN,NaN,NaN,NaN,NaN,NaN,NaN,NaN,NaN
11:45:30,|,NaN,NaN,NaN,NaN,NaN,NaN,NaN,NaN,NaN
11:46:30,|,NaN,NaN,NaN,NaN,NaN,NaN,NaN,NaN,NaN
11:47:30,|,NaN,NaN,NaN,NaN,NaN,NaN,NaN,NaN,NaN
11:48:30,|,NaN,NaN,NaN,NaN,NaN,NaN,NaN,NaN,NaN
11:49:30,|,NaN,NaN,NaN,NaN,NaN,NaN,NaN,NaN,NaN
11:50:30,|,NaN,NaN,NaN,NaN,NaN,NaN,NaN,NaN,NaN
11:51:30,|,NaN,NaN,NaN,NaN,NaN,NaN,NaN,NaN,NaN
11:52:30,|,NaN,NaN,NaN,NaN,NaN,NaN,NaN,NaN,NaN
11:53:30,|,NaN,NaN,NaN,NaN,NaN,NaN,NaN,NaN,NaN
11:54:30,|,NaN,NaN,NaN,NaN,NaN,NaN,NaN,NaN,NaN
11:55:30,|,NaN,NaN,NaN,NaN,NaN,NaN,NaN,NaN,NaN
11:56:30,|,NaN,NaN,NaN,NaN,NaN,NaN,NaN,NaN,NaN
11:57:30,|,NaN,NaN,NaN,NaN,NaN,NaN,NaN,NaN,NaN
11:58:30,|,NaN,NaN,NaN,NaN,NaN,NaN,NaN,NaN,NaN
11:59:30,|,NaN,NaN,NaN,NaN,NaN,NaN,NaN,NaN,NaN
12:00:30,|,NaN,NaN,NaN,NaN,NaN,NaN,NaN,NaN,NaN
12:01:30,|,NaN,NaN,NaN,NaN,NaN,NaN,NaN,NaN,NaN
12:02:30,|,NaN,NaN,NaN,NaN,NaN,NaN,NaN,NaN,NaN
12:03:30,|,NaN,NaN,NaN,NaN,NaN,NaN,NaN,NaN,NaN
12:04:30,|,NaN,NaN,NaN,NaN,NaN,NaN,NaN,NaN,NaN
12:05:30,|,NaN,NaN,NaN,NaN,NaN,NaN,NaN,NaN,NaN
12:06:30,|,NaN,NaN,NaN,NaN,NaN,NaN,NaN,NaN,NaN
12:07:30,|,NaN,NaN,NaN,NaN,NaN,NaN,NaN,NaN,NaN
12:08:30,|,NaN,NaN,NaN,NaN,NaN,NaN,NaN,NaN,NaN
12:09:30,|,NaN,NaN,NaN,NaN,NaN,NaN,NaN,NaN,NaN
12:10:30,|,NaN,NaN,NaN,NaN,NaN,NaN,NaN,NaN,NaN
12:11:30,|,NaN,NaN,NaN,NaN,NaN,NaN,NaN,NaN,NaN
12:12:30,|,NaN,NaN,NaN,NaN,NaN,NaN,NaN,NaN,NaN
12:13:30,|,NaN,NaN,NaN,NaN,NaN,NaN,NaN,NaN,NaN
12:14:30,|,NaN,NaN,NaN,NaN,NaN,NaN,NaN,NaN,NaN
12:15:30,|,NaN,NaN,NaN,NaN,NaN,NaN,NaN,NaN,NaN
12:16:30,|,NaN,NaN,NaN,NaN,NaN,NaN,NaN,NaN,NaN
12:17:30,|,NaN,NaN,NaN,NaN,NaN,NaN,NaN,NaN,NaN
12:18:30,|,NaN,NaN,NaN,NaN,NaN,NaN,NaN,NaN,NaN
12:19:30,|,NaN,NaN,NaN,NaN,NaN,NaN,NaN,NaN,NaN
12:20:30,|,NaN,NaN,NaN,NaN,NaN,NaN,NaN,NaN,NaN
12:21:30,|,NaN,NaN,NaN,NaN,NaN,NaN,NaN,NaN,NaN
12:22:30,|,NaN,NaN,NaN,NaN,NaN,NaN,NaN,NaN,NaN
12:23:30,|,NaN,NaN,NaN,NaN,NaN,NaN,NaN,NaN,NaN
12:24:30,|,NaN,NaN,NaN,NaN,NaN,NaN,NaN,NaN,NaN
12:25:30,|,NaN,NaN,NaN,NaN,NaN,NaN,NaN,NaN,NaN
12:26:30,|,NaN,NaN,NaN,NaN,NaN,NaN,NaN,NaN,NaN
12:27:30,|,NaN,NaN,NaN,NaN,NaN,NaN,NaN,NaN,NaN
12:28:30,|,NaN,NaN,NaN,NaN,NaN,NaN,NaN,NaN,NaN
12:29:30,|,NaN,NaN,NaN,NaN,NaN,NaN,NaN,NaN,NaN
12:30:30,|,NaN,NaN,NaN,NaN,NaN,NaN,NaN,NaN,NaN
12:31:30,|,NaN,NaN,NaN,NaN,NaN,NaN,NaN,NaN,NaN
12:32:30,|,NaN,NaN,NaN,NaN,NaN,NaN,NaN,NaN,NaN
12:33:30,|,NaN,NaN,NaN,NaN,NaN,NaN,NaN,NaN,NaN
12:34:30,|,NaN,NaN,NaN,NaN,NaN,NaN,NaN,NaN,NaN
12:35:30,|,NaN,NaN,NaN,NaN,NaN,NaN,NaN,NaN,NaN
12:36:30,|,NaN,NaN,NaN,NaN,NaN,NaN,NaN,NaN,NaN
12:37:30,|,NaN,NaN,NaN,NaN,NaN,NaN,NaN,NaN,NaN
12:38:30,|,NaN,NaN,NaN,NaN,NaN,NaN,NaN,NaN,NaN
12:39:30,|,NaN,NaN,NaN,NaN,NaN,NaN,NaN,NaN,NaN
12:40:30,|,NaN,NaN,NaN,NaN,NaN,NaN,NaN,NaN,NaN
12:41:30,|,NaN,NaN,NaN,NaN,NaN,NaN,NaN,NaN,NaN
12:42:30,|,NaN,NaN,NaN,NaN,NaN,NaN,NaN,NaN,NaN
12:43:30,|,NaN,NaN,NaN,NaN,NaN,NaN,NaN,NaN,NaN
12:44:30,|,NaN,NaN,NaN,NaN,NaN,NaN,NaN,NaN,NaN
12:45:30,|,NaN,NaN,NaN,NaN,NaN,NaN,NaN,NaN,NaN
12:46:30,|,NaN,NaN,NaN,NaN,NaN,NaN,NaN,NaN,NaN
12:47:30,|,NaN,NaN,NaN,NaN,NaN,NaN,NaN,NaN,NaN
12:48:30,|,NaN,NaN,NaN,NaN,NaN,NaN,NaN,NaN,NaN
12:49:30,|,NaN,NaN,NaN,NaN,NaN,NaN,NaN,NaN,NaN
12:50:30,|,NaN,NaN,NaN,NaN,NaN,NaN,NaN,NaN,NaN
12:51:30,|,NaN,NaN,NaN,NaN,NaN,NaN,NaN,NaN,NaN
12:52:30,|,NaN,NaN,NaN,NaN,NaN,NaN,NaN,NaN,NaN
12:53:30,|,NaN,NaN,NaN,NaN,NaN,NaN,NaN,NaN,NaN
12:54:30,|,NaN,NaN,NaN,NaN,NaN,NaN,NaN,NaN,NaN
12:55:30,|,NaN,NaN,NaN,NaN,NaN,NaN,NaN,NaN,NaN
12:56:30,|,NaN,NaN,NaN,NaN,NaN,NaN,NaN,NaN,NaN
12:57:30,|,NaN,NaN,NaN,NaN,NaN,NaN,NaN,NaN,NaN
12:58:30,|,NaN,NaN,NaN,NaN,NaN,NaN,NaN,NaN,NaN
12:59:30,|,NaN,NaN,NaN,NaN,NaN,NaN,NaN,NaN,NaN
13:00:30,|,NaN,NaN,NaN,NaN,NaN,NaN,NaN,NaN,NaN
13:01:30,|,NaN,NaN,NaN,NaN,NaN,NaN,NaN,NaN,NaN
13:02:30,|,NaN,NaN,NaN,NaN,NaN,NaN,NaN,NaN,NaN
13:03:30,|,NaN,NaN,NaN,NaN,NaN,NaN,NaN,NaN,NaN
13:04:30,|,NaN,NaN,NaN,NaN,NaN,NaN,NaN,NaN,NaN
13:05:30,|,NaN,NaN,NaN,NaN,NaN,NaN,NaN,NaN,NaN
13:06:30,|,NaN,NaN,NaN,NaN,NaN,NaN,NaN,NaN,NaN
13:07:30,|,NaN,NaN,NaN,NaN,NaN,NaN,NaN,NaN,NaN
13:08:30,|,NaN,NaN,NaN,NaN,NaN,NaN,NaN,NaN,NaN
13:09:30,|,NaN,NaN,NaN,NaN,NaN,NaN,NaN,NaN,NaN
13:10:30,|,NaN,NaN,NaN,NaN,NaN,NaN,NaN,NaN,NaN
13:11:30,|,NaN,NaN,NaN,NaN,NaN,NaN,NaN,NaN,NaN
13:12:30,|,NaN,NaN,NaN,NaN,NaN,NaN,NaN,NaN,NaN
13:13:30,|,NaN,NaN,NaN,NaN,NaN,NaN,NaN,NaN,NaN
13:14:30,|,NaN,NaN,NaN,NaN,NaN,NaN,NaN,NaN,NaN
13:15:30,|,NaN,NaN,NaN,NaN,NaN,NaN,NaN,NaN,NaN
13:16:30,|,NaN,NaN,NaN,NaN,NaN,NaN,NaN,NaN,NaN
13:17:30,|,NaN,NaN,NaN,NaN,NaN,NaN,NaN,NaN,NaN
13:18:30,|,NaN,NaN,NaN,NaN,NaN,NaN,NaN,NaN,NaN
13:19:30,|,NaN,NaN,NaN,NaN,NaN,NaN,NaN,NaN,NaN
13:20:30,|,NaN,NaN,NaN,NaN,NaN,NaN,NaN,NaN,NaN
13:21:30,|,NaN,NaN,NaN,NaN,NaN,NaN,NaN,NaN,NaN
13:22:30,|,NaN,NaN,NaN,NaN,NaN,NaN,NaN,NaN,NaN
13:23:30,|,NaN,NaN,NaN,NaN,NaN,NaN,NaN,NaN,NaN
13:24:30,|,NaN,NaN,NaN,NaN,NaN,NaN,NaN,NaN,NaN
13:25:30,|,NaN,NaN,NaN,NaN,NaN,NaN,NaN,NaN,NaN
13:26:30,|,NaN,NaN,NaN,NaN,NaN,NaN,NaN,NaN,NaN
13:27:30,|,27.8999996185303,14.1999998092651,43.2999992370605,993.099975585938,0.899999976158142,0,0,0,1.20000004768372
13:28:30,|,27.7999992370605,14.2666664123535,43.6666679382324,993.099975585938,0.833333373069763,0,0,0,1.13333332538605
13:29:30,|,27.533332824707,14.3999996185303,44.6000022888184,993.066650390625,0.933333337306976,0,0,0,1.10000002384186
13:30:30,|,27.3666667938232,14.4666662216187,45.2666664123535,993,0.933333396911621,0,0,0,1.10000002384186
13:31:30,|,27.2999992370605,14.3666667938232,45.0999984741211,993,1.73333334922791,0,0,0,1.10000002384186
13:32:30,|,27.2333335876465,14,44.1666679382324,993.033325195313,1.36666667461395,0,0,0,1.10000002384186
13:33:30,|,27.0666675567627,14.0999994277954,44.8333320617676,993.066650390625,1.39999997615814,0,0,0,1.10000002384186
13:34:30,|,27.033332824707,14.1999998092651,45.2666664123535,993.033325195313,1.53333330154419,0,0,0,1.10000002384186
13:35:30,|,27.0666675567627,14.6333332061768,46.7333335876465,993.099975585938,1.96666669845581,0,0,0,1.10000002384186
13:36:30,|,26.966667175293,14.3000001907349,45.8666648864746,993.099975585938,1.43333339691162,0,0,0,1.10000002384186
13:37:30,|,26.8999996185303,14.4000005722046,46.2999992370605,993.066650390625,1.29999995231628,0,0,0,1.10000002384186
13:38:30,|,26.966667175293,14.466667175293,46.3333358764648,992.933349609375,1.79999995231628,0,0,0,1.10000002384186
13:39:30,|,27.1000003814697,14,44.6000022888184,992.833312988281,1.13333332538605,0,0,0,1.10000002384186
13:40:30,|,27.1000003814697,13.8000001907349,43.9000015258789,992.933349609375,1,0,0,0,1.10000002384186
13:41:30,|,27.1666660308838,14.1333332061768,44.6333351135254,992.966674804688,0.866666674613953,0,0,0,1.10000002384186
13:42:30,|,27.2666664123535,13.6999998092651,43.3333320617676,992.86669921875,1.33333337306976,0,0,0,1.10000002384186
13:43:30,|,27.1666679382324,13.0333337783813,41.7333335876465,992.799987792969,1.39999997615814,0,0,0,1.10000002384186
13:44:30,|,27.1333332061768,12.8666667938232,41.3999977111816,992.799987792969,1.16666662693024,0,0,0,1.10000002384186
13:45:30,|,27.2000007629395,12.8333330154419,41.033332824707,992.799987792969,0.800000011920929,0,0,0,1.10000002384186
13:46:30,|,27.2000007629395,12.9333333969116,41.2333335876465,992.799987792969,1.36666667461395,0,0,0,1.10000002384186
13:47:30,|,27.2000007629395,12.8000001907349,41,992.799987792969,1.06666660308838,0,0,0,1.10000002384186
13:48:30,|,27.2000007629395,12.2666664123535,39.5666656494141,992.799987792969,1.5,0,0,0,1.10000002384186
13:49:30,|,27.1666679382324,12.1000003814697,39.0666656494141,992.799987792969,0.766666650772095,0,0,0,1.10000002384186
13:50:30,|,27.1000003814697,12.2666664123535,39.7333335876465,992.766662597656,1.30000007152557,0,0,0,1.10000002384186
13:51:30,|,27.0666675567627,12.3999996185303,40.2333335876465,992.733337402344,1.13333332538605,0,0,0,1.10000002384186
13:52:30,|,26.966667175293,12.6000003814697,41.033332824707,992.766662597656,1.20000004768372,0,0,0,1.10000002384186
13:53:30,|,26.8999996185303,12.3999996185303,40.5999984741211,992.700012207031,0.666666686534882,0,0,0,1.10000002384186
13:54:30,|,26.9333324432373,12.8333330154419,41.6666641235352,992.666687011719,1.53333330154419,0,0,0,1.10000002384186
13:55:30,|,27,12.7333326339722,41.2999992370605,992.63330078125,1.23333334922791,0,0,0,1.10000002384186
13:56:30,|,27.033332824707,12.4333333969116,40.2999992370605,992.666687011719,1.46666669845581,0,0,0,1.10000002384186
13:57:30,|,27.1000003814697,12.7666664123535,41.033332824707,992.599975585938,1.23333334922791,0,0,0,1.10000002384186
13:58:30,|,27.1000003814697,13.0666666030884,41.9333343505859,992.63330078125,0.800000011920929,0,0,0,1.10000002384186
13:59:30,|,27.1000003814697,12.6000003814697,40.7333335876465,992.700012207031,1.36666667461395,0,0,0,1.10000002384186
14:00:30,|,27.1000003814697,12.9000005722046,41.4333305358887,992.700012207031,1.16666674613953,0,0,0,1.10000002384186
14:01:30,|,27.1000003814697,13.1666669845581,42.2000007629395,992.666687011719,1.20000004768372,0,0,0,1.10000002384186
14:02:30,|,27.1000003814697,12.1000003814697,39.3666687011719,992.599975585938,0.366666674613953,0,0,0,1.10000002384186
14:03:30,|,27.1333332061768,11.5666666030884,37.9333343505859,992.599975585938,1.03333330154419,0,0,0,1.10000002384186
14:04:30,|,27.2000007629395,12.0333337783813,39.033332824707,992.566650390625,1.23333334922791,0,0,0,1.10000002384186
14:05:30,|,27.2000007629395,12.2666664123535,39.6666679382324,992.533325195313,1.16666662693024,0,0,0,1.10000002384186
14:06:30,|,27.2333335876465,12.3333330154419,39.7999992370605,992.566650390625,1.89999997615814,0,0,0,1.10000002384186
14:07:30,|,27.2666664123535,10.9333333969116,36.1333351135254,992.533325195313,1.56666672229767,0,0,0,1.10000002384186
14:08:30,|,27.2000007629395,10.9000005722046,36.2333335876465,992.566650390625,0.933333337306976,0,0,0,1.10000002384186
14:09:30,|,27.2000007629395,10.966667175293,36.4000015258789,992.5,0.766666650772095,0,0,0,1.10000002384186
14:10:30,|,27.2333335876465,11,36.3999977111816,992.533325195313,1.19999992847443,0,0,0,1.10000002384186
14:11:30,|,27.2999992370605,11.5,37.3666648864746,992.566650390625,2.33333325386047,0,0,0,1.10000002384186
14:12:30,|,27.2999992370605,10.8666667938232,35.9000015258789,992.533325195313,1.33333325386047,0,0,0,1.10000002384186
14:13:30,|,27.2999992370605,10.2666664123535,34.533332824707,992.599975585938,1.26666665077209,0,0,0,1.10000002384186
14:14:30,|,27.3333320617676,10.9333333969116,36.0666656494141,992.566650390625,0.5,0,0,0,1.10000002384186
14:15:30,|,27.4333324432373,11.4333333969116,37.033332824707,992.566650390625,1.16666662693024,0,0,0,1.10000002384186
14:16:30,|,27.5,11.3333330154419,36.6333351135254,992.700012207031,0.866666674613953,0,0,0,1.10000002384186
14:17:30,|,27.5,10.1333332061768,33.8999977111816,992.666687011719,1.19999992847443,0,0,0.0333333350718021,1.10000002384186
14:18:30,|,27.533332824707,10.3000001907349,34.1333351135254,992.566650390625,0.366666674613953,0,60,0.0666666701436043,1.10000002384186
14:19:30,|,27.6333332061768,10.8666667938232,35.2333335876465,992.533325195313,1,0,60,0,1.10000002384186
14:20:30,|,27.7000007629395,10.966667175293,35.3333358764648,992.599975585938,1.36666667461395,0,60,0.0333333350718021,1.10000002384186
14:21:30,|,27.7333335876465,11.2666664123535,36.033332824707,992.599975585938,1.39999997615814,0,60,0.0666666701436043,1.10000002384186
14:22:30,|,27.7666664123535,11,35.2999992370605,992.599975585938,0.5,0,60,0,1.10000002384186
14:23:30,|,27.7333335876465,11.1999998092651,35.9000015258789,992.599975585938,1.03333330154419,0,60,0,1.10000002384186
14:24:30,|,27.8666667938232,12.5666666030884,38.9333343505859,992.566650390625,0.466666668653488,0,20,0,1.10000002384186
14:25:30,|,28,13.1333332061768,40,992.533325195313,1,0,60,0,1.10000002384186
14:26:30,|,28.033332824707,13.3000001907349,40.3666687011719,992.566650390625,0.933333337306976,0,60,0,1.10000002384186
14:27:30,|,28.033332824707,12.3333330154419,37.9000015258789,992.533325195313,1.76666665077209,0,60,0,1.10000002384186
14:28:30,|,27.8666667938232,11.9333333969116,37.2333335876465,992.533325195313,1.26666665077209,0,60,0,1.10000002384186
14:29:30,|,27.7999992370605,12.3666667938232,38.466667175293,992.433349609375,1.10000002384186,0,0,0,1.10000002384186
14:30:30,|,27.7666664123535,11.6999998092651,36.8333320617676,992.5,1.46666669845581,0,0,0,1.10000002384186
14:31:30,|,27.6666679382324,11.4000005722046,36.4333305358887,992.466674804688,0.966666638851166,0,0,0,1.10000002384186
14:32:30,|,27.6333332061768,11.8666667938232,37.7000007629395,992.433349609375,0.966666638851166,0,20,0,1.10000002384186
14:33:30,|,27.7000007629395,12.1333332061768,38.2000007629395,992.5,1.03333330154419,0,60,0,1.10000002384186
14:34:30,|,27.7000007629395,11.5333337783813,36.6333312988281,992.433349609375,1.06666672229767,0,40,0,1.10000002384186
14:35:30,|,27.7000007629395,11.3999996185303,36.2666664123535,992.333312988281,0.466666668653488,0,0,0,1.10000002384186
14:36:30,|,27.7666664123535,11.533332824707,36.3666687011719,992.400024414063,0.533333301544189,0,20,0,1.10000002384186
14:37:30,|,27.966667175293,12.0666666030884,37.2666664123535,992.400024414063,0.533333361148834,0,60,0,1.10000002384186
14:38:30,|,28.1000003814697,12.5,38.1000022888184,992.400024414063,0.666666686534882,0,60,0,1.10000002384186
14:39:30,|,28.1000003814697,12.3333330154419,37.5999984741211,992.400024414063,1.03333330154419,0,60,0,1.10000002384186
14:40:30,|,28.1333332061768,11.8666667938232,36.5,992.400024414063,1.13333332538605,0,60,0,1.10000002384186
14:41:30,|,28.1666679382324,11.1000003814697,34.6666679382324,992.36669921875,0.5,0,60,0,1.10000002384186
14:42:30,|,28.1333332061768,11.6666669845581,36.033332824707,992.299987792969,0.699999988079071,0,20,0,1.10000002384186
14:43:30,|,28.2333335876465,11.9000005722046,36.3333320617676,992.333312988281,0.133333340287209,0,40,0,1.10000002384186
14:44:30,|,28.3333320617676,12.2333335876465,36.9333305358887,992.400024414063,0.400000005960464,0,60,0,1.10000002384186
14:45:30,|,28.3999996185303,11.533332824707,35.2000007629395,992.36669921875,0.699999988079071,0,40,0,1.10000002384186
14:46:30,|,28.3666667938232,10.7666664123535,33.5,992.299987792969,0.766666650772095,0,0,0,1.10000002384186
14:47:30,|,28.2666664123535,10.0999994277954,32.2000007629395,992.299987792969,1,0,0,0,1.10000002384186
14:48:30,|,28.2000007629395,10.3000001907349,32.7333335876465,992.333312988281,0.366666674613953,0,0,0,1.10000002384186
14:49:30,|,28.2333335876465,10.533332824707,33.2333335876465,992.36669921875,0.966666638851166,0,0,0,1.10000002384186
14:50:30,|,28.2333335876465,11.3000001907349,35.033332824707,992.333312988281,1.63333332538605,0,0,0,1.10000002384186
14:51:30,|,28.0666675567627,10.3000001907349,33,992.36669921875,1.29999995231628,0,0,0,1.10000002384186
14:52:30,|,28,10,32.5,992.333312988281,1.33333325386047,0,20,0,1.10000002384186
14:53:30,|,27.966667175293,9.63333320617676,31.7000007629395,992.400024414063,1.26666665077209,0,60,0,1.10000002384186
14:54:30,|,27.9333324432373,10.3333339691162,33.3666687011719,992.36669921875,1.06666672229767,0,40,0,1.10000002384186
14:55:30,|,27.966667175293,11.0333337783813,34.8666648864746,992.299987792969,1.16666674613953,0,0,0,1.10000002384186
14:56:30,|,27.8999996185303,11.1666669845581,35.2333335876465,992.333312988281,1.26666665077209,0,0,0,1.10000002384186
14:57:30,|,27.8666667938232,10.5,33.7666664123535,992.36669921875,1.13333332538605,0,0,0,1.10000002384186
14:58:30,|,27.7999992370605,10.9333333969116,34.9333343505859,992.299987792969,0.800000011920929,0,0,0,1.10000002384186
14:59:30,|,27.8666667938232,11.6666669845581,36.533332824707,992.266662597656,0.833333313465118,0,0,0,1.10000002384186
15:00:30,|,28.033332824707,11.3666667938232,35.466667175293,992.200012207031,1.20000004768372,0,0,0,1.10000002384186
15:01:30,|,28.1333332061768,11.3333330154419,35.2000007629395,992.233337402344,0.966666638851166,0,0,0,1.10000002384186
15:02:30,|,28.2333335876465,11.3333330154419,35.033332824707,992.266662597656,0.866666674613953,0,0,0,1.10000002384186
15:03:30,|,28.2999992370605,11.1666669845581,34.6000022888184,992.200012207031,0.866666674613953,0,0,0,1.10000002384186
15:04:30,|,28.2999992370605,11.1666669845581,34.533332824707,992.166687011719,1,0,0,0,1.10000002384186
15:05:30,|,28.2999992370605,11.2333335876465,34.6333312988281,992.166625976563,0.766666650772095,0,0,0,1.10000002384186
15:06:30,|,28.2999992370605,11.2333335876465,34.6333312988281,992.299987792969,0.900000035762787,0,0,0,1.10000002384186
15:07:30,|,28.2333335876465,11.3999996185303,35.1666679382324,992.266662597656,1.13333332538605,0,0,0,1.10000002384186
15:08:30,|,28.1333332061768,11.4333333969116,35.466667175293,992.200012207031,0.666666686534882,0,0,0,1.10000002384186
15:09:30,|,28.1666679382324,11.8333330154419,36.466667175293,992.200012207031,1.20000004768372,0,0,0,1.10000002384186
15:10:30,|,28.1000003814697,12,36.9333343505859,992.166687011719,0.966666638851166,0,0,0,1.10000002384186
15:11:30,|,28.0666675567627,13.0666666030884,39.7000007629395,992.099975585938,0.933333337306976,0,0,0,1.10000002384186
15:12:30,|,28,13.5333337783813,41.033332824707,992.13330078125,0.933333337306976,0,0,0,1.10000002384186
15:13:30,|,28.0666675567627,12.7666673660278,38.8666648864746,992.166687011719,0.766666650772095,0,0,0,1.10000002384186
15:14:30,|,28.2333335876465,12.6000003814697,38.2666664123535,992.099975585938,0.533333301544189,0,0,0,1.10000002384186
15:15:30,|,28.2666664123535,11.9333333969116,36.4333305358887,992.13330078125,0.666666686534882,0,0,0,1.10000002384186
15:16:30,|,28.2000007629395,12.5333337783813,38,992.166687011719,1.16666662693024,0,0,0,1.10000002384186
15:17:30,|,28.1666679382324,12.6333332061768,38.3666648864746,992.13330078125,0.966666698455811,0,0,0,1.10000002384186
15:18:30,|,28.1000003814697,12.7666673660278,38.7333335876465,992.200012207031,1.13333332538605,0,0,0,1.10000002384186
15:19:30,|,28.0666675567627,12.1333332061768,37.2999992370605,992.166687011719,1.16666662693024,0,0,0,1.10000002384186
15:20:30,|,28,12,37.0999984741211,992.13330078125,0.966666638851166,0,0,0,1.10000002384186
15:21:30,|,27.966667175293,11.6000003814697,36.3333320617676,992.166687011719,0.766666650772095,0,0,0,1.10000002384186
15:22:30,|,27.9333324432373,11.5333337783813,36.1333351135254,992.099975585938,0.866666674613953,0,0,0,1.10000002384186
15:23:30,|,28.033332824707,11.7666664123535,36.4333305358887,992.13330078125,0.533333361148834,0,0,0,1.10000002384186
15:24:30,|,28.1333332061768,12.5,38,992.166687011719,0.533333301544189,0,0,0,1.10000002384186
15:25:30,|,28.2000007629395,12.8000001907349,38.5666656494141,992.066650390625,0.800000011920929,0,0,0,1.10000002384186
15:26:30,|,28.2333335876465,13.7333326339722,40.966667175293,992.033325195313,0.699999988079071,0,0,0,1.10000002384186
15:27:30,|,28.2999992370605,13.8999996185303,41.4000015258789,992.066650390625,0.400000005960464,0,0,0,1.10000002384186
15:28:30,|,28.2999992370605,13.3333330154419,39.8666648864746,992,0.366666674613953,0,0,0,1.10000002384186
15:29:30,|,28.2999992370605,13.6666669845581,40.6333351135254,992.033325195313,0.766666650772095,0,0,0,1.10000002384186
15:30:30,|,28.2999992370605,12.6000003814697,37.966667175293,992.066650390625,0.733333349227905,0,0,0,1.10000002384186
15:31:30,|,28.2666664123535,12.6666669845581,38.2666664123535,992,0.300000011920929,0,0,0,1.10000002384186
15:32:30,|,28.2000007629395,12.7666664123535,38.533332824707,991.966674804688,0.566666662693024,0,0,0,1.10000002384186
15:33:30,|,28.2000007629395,13.033332824707,39.2666664123535,991.933349609375,0.600000023841858,0,0,0,1.10000002384186
15:34:30,|,28.2000007629395,13.2333335876465,39.8333320617676,992.033325195313,0.699999988079071,0,0,0,1.10000002384186
15:35:30,|,28.2000007629395,12.5,37.966667175293,992.099975585938,0.76666671037674,0,0,0,1.10000002384186
15:36:30,|,28.2000007629395,12.8666667938232,38.8666687011719,992.066650390625,0.533333361148834,0,0,0,1.10000002384186
15:37:30,|,28.2000007629395,13,39.2999992370605,992,0.16666667163372,0,0,0,1.10000002384186
15:38:30,|,28.2666664123535,13.4666662216187,40.3333320617676,992,0.299999982118607,0,0,0,1.10000002384186
15:39:30,|,28.3999996185303,13.7333335876465,40.6666679382324,992.033325195313,0.333333343267441,0,0,0,1.10000002384186
15:40:30,|,28.4333324432373,14,41.2000007629395,992.13330078125,1.10000002384186,0,0,0,1.10000002384186
15:41:30,|,28.466667175293,13.8333330154419,40.7999992370605,992.166687011719,0.866666674613953,0,0,0,1.10000002384186
15:42:30,|,28.3999996185303,13.2666664123535,39.4000015258789,992.066650390625,0.866666674613953,0,0,0,1.10000002384186
15:43:30,|,28.3333339691162,12.8000001907349,38.4000015258789,992.033325195313,0.966666698455811,0,0,0,1.10000002384186
15:44:30,|,28.1666679382324,12.9333333969116,39.2333335876465,992.066650390625,1.06666660308838,0,0,0,1.10000002384186
15:45:30,|,28.1000003814697,13.3000001907349,40.3666648864746,992.033325195313,1.29999995231628,0,0,0,1.10000002384186
15:46:30,|,28.1000003814697,13.6333332061768,41.2000007629395,992.099975585938,0.733333349227905,0,0,0,1.10000002384186
15:47:30,|,28.1333332061768,13.7333326339722,41.2333335876465,992.099975585938,0.300000011920929,0,0,0,1.10000002384186
15:48:30,|,28.2333335876465,13.6333332061768,40.7333335876465,992.066650390625,0.366666674613953,0,0,0,1.10000002384186
15:49:30,|,28.2999992370605,13.9000005722046,41.4333343505859,992,1.10000002384186,0,0,0,1.10000002384186
15:50:30,|,28.2666664123535,13.3000001907349,39.8666648864746,992.033325195313,0.933333337306976,0,0,0,1.10000002384186
15:51:30,|,28.2000007629395,13,39.2333335876465,992.066650390625,1.23333334922791,0,0,0,1.10000002384186
15:52:30,|,28.2000007629395,13.2333335876465,39.7333335876465,992.033325195313,0.766666650772095,0,0,0,1.10000002384186
15:53:30,|,28.2333335876465,13.1000003814697,39.2666664123535,992.099975585938,0.133333340287209,0,0,0,1.10000002384186
15:54:30,|,28.3333320617676,13.033332824707,39.033332824707,992.066650390625,0.866666674613953,0,0,0,1.10000002384186
15:55:30,|,28.3666667938232,13.6333332061768,40.533332824707,992,0.633333325386047,0,0,0,1.10000002384186
15:56:30,|,28.2999992370605,13.6000003814697,40.5,991.966674804688,0.733333349227905,0,0,0,1.10000002384186
15:57:30,|,28.2999992370605,13.8333330154419,41.1666641235352,991.933349609375,0.433333337306976,0,0,0,1.10000002384186
15:58:30,|,28.2999992370605,13.8000001907349,41.033332824707,992,0,0,0,0,1.10000002384186
15:59:30,|,28.3333320617676,13.7666673660278,40.8666648864746,991.966674804688,0.16666667163372,0,0,0,1.10000002384186
16:00:30,|,28.3999996185303,13.9000005722046,41.0666656494141,991.933349609375,1.03333330154419,0,0,0,1.10000002384186
16:01:30,|,28.3999996185303,13.2666664123535,39.4333343505859,992.033325195313,1.13333332538605,0,0,0,1.10000002384186
16:02:30,|,28.3333339691162,12.8333330154419,38.5,992.066650390625,0.833333313465118,0,0,0,1.10000002384186
16:03:30,|,28.2333335876465,13.0999994277954,39.2999992370605,992,0.833333313465118,0,0,0,1.10000002384186
16:04:30,|,28.2999992370605,13.3999996185303,39.8999977111816,991.966674804688,1,0,0,0,1.10000002384186
16:05:30,|,28.2999992370605,13.1666669845581,39.3333320617676,991.933349609375,0.633333325386047,0,0,0,1.10000002384186
16:06:30,|,28.3333320617676,13.1999998092651,39.2666664123535,991.966674804688,0.433333337306976,0,0,0,1.10000002384186
16:07:30,|,28.4333324432373,13.3666667938232,39.6666679382324,991.900024414063,0.433333307504654,0,0,0,1.10000002384186
16:08:30,|,28.466667175293,12.966667175293,38.6000022888184,991.900024414063,1.03333330154419,0,0,0,1.10000002384186
16:09:30,|,28.3666667938232,12.3000001907349,37.0666656494141,991.900024414063,1.23333334922791,0,0,0,1.10000002384186
16:10:30,|,28.2999992370605,12.3000001907349,37.1666679382324,991.900024414063,0.699999988079071,0,0,0,1.10000002384186
16:11:30,|,28.2999992370605,12.3666667938232,37.3333320617676,991.900024414063,1,0,0,0,1.10000002384186
16:12:30,|,28.2666664123535,12.5333337783813,37.9333343505859,991.900024414063,0.5,0,0,0,1.10000002384186
16:13:30,|,28.2000007629395,12.5666666030884,38.1000022888184,991.86669921875,0.466666668653488,0,0,0,1.10000002384186
16:14:30,|,28.2000007629395,12.9666662216187,39.1000022888184,991.833312988281,0.133333340287209,0,0,0,1.10000002384186
16:15:30,|,28.2333335876465,13.9666662216187,41.5999984741211,991.86669921875,0.366666674613953,0,0,0,1.10000002384186
16:16:30,|,28.2999992370605,13.9333333969116,41.3666648864746,991.833312988281,1,0,0,0,1.10000002384186
16:17:30,|,28.2999992370605,13.6000003814697,40.5,991.900024414063,0.766666650772095,0,0,0,1.10000002384186
16:18:30,|,28.2999992370605,13.466667175293,40.1666679382324,991.900024414063,1.06666660308838,0,0,0,1.10000002384186
16:19:30,|,28.2666664123535,13.1333332061768,39.4333343505859,991.900024414063,0.966666698455811,0,0,0,1.10000002384186
16:20:30,|,28.1666679382324,13.3333330154419,40.1666679382324,991.900024414063,1.10000002384186,0,0,0,1.10000002384186
16:21:30,|,28.0666675567627,13.7333335876465,41.2999992370605,991.900024414063,1.03333330154419,0,0,0,1.10000002384186
16:22:30,|,28,13.1333332061768,40,991.86669921875,1.06666672229767,0,0,0,1.10000002384186
16:23:30,|,28,12.9666662216187,39.7000007629395,991.833312988281,0.899999976158142,0,0,0,1.10000002384186
16:24:30,|,28,12.9666662216187,39.6333351135254,991.900024414063,0.766666650772095,0,0,0,1.10000002384186
16:25:30,|,27.966667175293,13.1666669845581,40.1666679382324,991.900024414063,0.766666650772095,0,0,0,1.10000002384186
16:26:30,|,27.9333324432373,13.1333332061768,40.2000007629395,991.86669921875,1.13333332538605,0,0,0,1.10000002384186
16:27:30,|,28,12.9333333969116,39.466667175293,991.799987792969,0.800000011920929,0,0,0,1.10000002384186
16:28:30,|,28,13,39.533332824707,991.799987792969,0.466666668653488,0,0,0,1.10000002384186
16:29:30,|,28,12.6333332061768,38.6333312988281,991.833312988281,0.366666674613953,0,0,0,1.10000002384186
16:30:30,|,28.033332824707,12.6999998092651,38.7000007629395,991.900024414063,0.433333337306976,0,0,0,1.10000002384186
16:31:30,|,28.1000003814697,12.7333335876465,38.7333335876465,991.86669921875,0.533333301544189,0,0,0,1.10000002384186
16:32:30,|,28.1000003814697,13.0666666030884,39.5666656494141,991.799987792969,0.466666668653488,0,0,0,1.10000002384186
16:33:30,|,28.1000003814697,13.4333333969116,40.6333312988281,991.799987792969,0.566666662693024,0,0,0,1.10000002384186
16:34:30,|,28.1000003814697,13.1999998092651,39.9333343505859,991.799987792969,0.800000011920929,0,0,0,1.10000002384186
16:35:30,|,28.1000003814697,13.2333326339722,40,991.799987792969,0.766666650772095,0,0,0,1.10000002384186
16:36:30,|,28.1000003814697,13.0666666030884,39.6333351135254,991.799987792969,0.766666650772095,0,0,0,1.10000002384186
16:37:30,|,28.1000003814697,13.3666667938232,40.4000015258789,991.799987792969,1.03333330154419,0,0,0,1.10000002384186
16:38:30,|,28.0666675567627,13.3000001907349,40.2333335876465,991.833312988281,1.20000004768372,0,0,0,1.10000002384186
16:39:30,|,28,13.4333333969116,40.6666679382324,991.86669921875,0.800000011920929,0,0,0,1.10000002384186
16:40:30,|,28,13.5999994277954,41.1333351135254,991.799987792969,0.466666668653488,0,0,0,1.10000002384186
16:41:30,|,28.033332824707,13.3999996185303,40.5999984741211,991.799987792969,0.600000023841858,0,0,0,1.10000002384186
16:42:30,|,28.1000003814697,13.5999994277954,41.0999984741211,991.766662597656,0.699999988079071,0,0,0,1.10000002384186
16:43:30,|,28.1000003814697,13.6666669845581,41.2333335876465,991.766662597656,0.733333349227905,0,0,0,1.10000002384186
16:44:30,|,28.1000003814697,13.1000003814697,39.7666664123535,991.86669921875,0.533333361148834,0,0,0,1.10000002384186
16:45:30,|,28.1000003814697,13.2333335876465,40.1333312988281,991.799987792969,0.400000005960464,0,0,0,1.10000002384186
16:46:30,|,28.0666675567627,13.0666666030884,39.7333335876465,991.766662597656,0.766666650772095,0,0,0,1.10000002384186
16:47:30,|,28,13.0666666030884,39.7666664123535,991.733337402344,0.733333349227905,0,0,0,1.10000002384186
16:48:30,|,28,13.3333330154419,40.466667175293,991.799987792969,0.766666650772095,0,0,0,1.10000002384186
16:49:30,|,28,13.5,40.966667175293,991.766662597656,0.5,0,0,0,1.10000002384186
16:50:30,|,28,13.466667175293,40.9000015258789,991.733337402344,0.566666662693024,0,0,0,1.10000002384186
16:51:30,|,28,14,42.2333335876465,991.799987792969,0.666666686534882,0,0,0,1.10000002384186
16:52:30,|,28,14,42.2000007629395,991.799987792969,0.866666674613953,0,0,0,1.10000002384186
16:53:30,|,28,13.3999996185303,40.5999984741211,991.799987792969,0.800000011920929,0,0,0,1.10000002384186
16:54:30,|,28,13.7666664123535,41.7666664123535,991.799987792969,0.666666686534882,0,0,0,1.10000002384186
16:55:30,|,28,14.1333332061768,42.8333320617676,991.799987792969,0.466666668653488,0,0,0,1.10000002384186
16:56:30,|,27.966667175293,14.9666662216187,45.0666656494141,991.799987792969,0.800000011920929,0,0,0,1.10000002384186
16:57:30,|,27.8999996185303,14.8666667938232,44.9333343505859,991.766662597656,0.366666674613953,0,0,0,1.10000002384186
16:58:30,|,27.8999996185303,14.8333330154419,44.8333320617676,991.733337402344,0.466666668653488,0,0,0,1.10000002384186
16:59:30,|,27.8999996185303,14.9666662216187,45.1666679382324,991.799987792969,0.699999988079071,0,0,0,1.10000002384186
17:00:30,|,27.8666667938232,15.1333332061768,45.9000015258789,991.766662597656,0.666666686534882,0,0,0,1.10000002384186
17:01:30,|,27.7666664123535,15.2666664123535,46.5,991.733337402344,0.266666680574417,0,0,0,1.10000002384186
17:02:30,|,27.7000007629395,15.1999998092651,46.3333358764648,991.766662597656,0.366666674613953,0,0,0,1.10000002384186
17:03:30,|,27.7000007629395,14.9333333969116,45.7000007629395,991.700012207031,0.466666668653488,0,0,0,1.10000002384186
17:04:30,|,27.7000007629395,15.0999994277954,46.3666687011719,991.666687011719,0.233333334326744,0,0,0,1.10000002384186
17:05:30,|,27.7000007629395,14.7666664123535,45.2666664123535,991.63330078125,0.566666662693024,0,0,0,1.10000002384186
17:06:30,|,27.7000007629395,14.5666666030884,44.6333351135254,991.733337402344,0.5,0,0,0,1.10000002384186
17:07:30,|,27.7333335876465,14.6999998092651,45.033332824707,991.766662597656,0.466666668653488,0,0,0,1.10000002384186
17:08:30,|,27.7666664123535,14.6666669845581,44.7999992370605,991.666687011719,0.533333361148834,0,0,0,1.10000002384186
17:09:30,|,27.7000007629395,14.6666669845581,44.8999977111816,991.599975585938,0.566666662693024,0,0,0,1.10000002384186
17:10:30,|,27.7000007629395,14.4333333969116,44.4333343505859,991.599975585938,0.266666680574417,0,0,0,1.10000002384186
17:11:30,|,27.7333335876465,13.6999998092651,42.2000007629395,991.63330078125,0.333333343267441,0,0,0,1.10000002384186
17:12:30,|,27.7999992370605,13.5666666030884,41.6666679382324,991.666687011719,0.333333343267441,0,0,0,1.10000002384186
17:13:30,|,27.7999992370605,13.5333337783813,41.5999984741211,991.599975585938,0.100000001490116,0,0,0,1.10000002384186
17:14:30,|,27.7999992370605,14.0333337783813,42.9333343505859,991.599975585938,0,0,0,0,1.10000002384186
17:15:30,|,27.7999992370605,14.1666669845581,43.3666687011719,991.599975585938,0,0,0,0,1.10000002384186
17:16:30,|,27.7999992370605,14.3666667938232,43.8666687011719,991.599975585938,0,0,0,0,1.10000002384186
17:17:30,|,27.7999992370605,14.2666664123535,43.533332824707,991.599975585938,0,0,0,0,1.10000002384186
17:18:30,|,27.7999992370605,14,42.7333335876465,991.63330078125,0.366666674613953,0,0,0,1.10000002384186
17:19:30,|,27.7666664123535,14.8333330154419,45.2000007629395,991.666687011719,0.5,0,0,0,1.10000002384186
17:20:30,|,27.6333332061768,15.5999994277954,47.9000015258789,991.599975585938,0.633333325386047,0,0,0,1.10000002384186
17:21:30,|,27.4333324432373,15.3999996185303,47.8333320617676,991.63330078125,0.533333361148834,0,0,0,1.10000002384186
17:22:30,|,27.2666664123535,15.4333333969116,48.3666648864746,991.666687011719,0.433333337306976,0,0,0,1.10000002384186
17:23:30,|,27.1666679382324,15.4666662216187,48.8666687011719,991.599975585938,0.533333301544189,0,0,0,1.10000002384186
17:24:30,|,27.033332824707,15.3000001907349,48.6333312988281,991.599975585938,0.633333325386047,0,0,0,1.10000002384186
17:25:30,|,26.8999996185303,15.1666669845581,48.533332824707,991.599975585938,0.5,0,0,0,1.10000002384186
17:26:30,|,26.8666667938232,15.2333335876465,48.9000015258789,991.599975585938,0.433333337306976,0,0,0,1.10000002384186
17:27:30,|,26.7666664123535,15.1333332061768,48.8666687011719,991.566650390625,0.533333361148834,0,0,0,1.10000002384186
17:28:30,|,26.6666679382324,15.2333335876465,49.3666687011719,991.5,0.433333337306976,0,0,0,1.10000002384186
17:29:30,|,26.5666675567627,15.2666664123535,49.7333335876465,991.5,0.5,0,0,0,1.10000002384186
17:30:30,|,26.5,15.2666664123535,50.0666656494141,991.5,0.5,0,0,0,1.10000002384186
17:31:30,|,26.4333324432373,15.3999996185303,50.7000007629395,991.5,0.300000011920929,0,0,0,1.10000002384186
17:32:30,|,26.2666664123535,15.5999994277954,51.7666664123535,991.5,0.433333337306976,0,0,0,1.10000002384186
17:33:30,|,26.1333332061768,16.3999996185303,55.0999984741211,991.533325195313,0.5,0,0,0,1.10000002384186
17:34:30,|,25.8999996185303,17.1000003814697,58.2333335876465,991.566650390625,0.533333361148834,0,0,0,1.10000002384186
17:35:30,|,25.6333332061768,17.3333339691162,60.0666656494141,991.5,0.266666680574417,0,0,0,1.10000002384186
17:36:30,|,25.466667175293,18,63.3666648864746,991.5,0.5,0,0,0,1.10000002384186
17:37:30,|,25.3666667938232,17.7666664123535,62.9666633605957,991.5,0.433333337306976,0,0,0,1.10000002384186
17:38:30,|,25.2333335876465,18.1000003814697,64.966667175293,991.5,0.433333337306976,0,0,0,1.10000002384186
17:39:30,|,25.0666675567627,18.1666660308838,65.9000015258789,991.5,0.5,0,0,0,1.10000002384186
17:40:30,|,24.9333324432373,18.1999988555908,66.533332824707,991.5,0.466666668653488,0,0,0,1.16666674613953
17:41:30,|,24.7666664123535,18.1000003814697,66.6666641235352,991.5,0.533333361148834,0,0,0,1.20000004768372
17:42:30,|,24.6333332061768,18.2333335876465,67.5999984741211,991.5,0.200000002980232,0,0,0,1.20000004768372
17:43:30,|,24.5,18.033332824707,67.3333358764648,991.466674804688,0,0,0,0,1.20000004768372
17:44:30,|,24.466667175293,17.8999996185303,66.8333358764648,991.433349609375,0.100000001490116,0,0,0,1.20000004768372
17:45:30,|,24.3999996185303,17.8666667938232,66.7666702270508,991.466674804688,0.100000001490116,0,0,0,1.20000004768372
17:46:30,|,24.4333324432373,17.7333335876465,66.1666641235352,991.433349609375,0,0,0,0,1.20000004768372
17:47:30,|,24.5,17.033332824707,63.2666664123535,991.5,0,0,0,0,1.20000004768372
17:48:30,|,24.5,15.8999996185303,58.7666664123535,991.466674804688,0,0,0,0,1.20000004768372
17:49:30,|,24.5,15.8666667938232,58.533332824707,991.400024414063,0.233333334326744,0,0,0,1.20000004768372
17:50:30,|,24.4333324432373,15.6999998092651,58.0666656494141,991.433349609375,0.466666668653488,0,0,0,1.20000004768372
17:51:30,|,24.2333335876465,15.7666664123535,59.033332824707,991.5,0.133333340287209,0,0,0,1.20000004768372
17:52:30,|,24,16.6666660308838,63.3999977111816,991.5,0.466666668653488,0,0,0,1.20000004768372
17:53:30,|,23.7333335876465,17.1666660308838,66.5999984741211,991.466674804688,0.366666674613953,0,0,0,1.20000004768372
17:54:30,|,23.533332824707,16.9333343505859,66.5666656494141,991.400024414063,0.333333343267441,0,0,0,1.20000004768372
17:55:30,|,23.3333339691162,17.2999992370605,68.8666687011719,991.433349609375,0.400000005960464,0,0,0,1.20000004768372
17:56:30,|,23.1333332061768,17.2333335876465,69.5,991.466674804688,0.466666668653488,0,0,0,1.20000004768372
17:57:30,|,22.9333324432373,17.6000003814697,71.8000030517578,991.400024414063,0.5,0,0,0,1.20000004768372
17:58:30,|,22.7333335876465,17.8666667938232,74.2333297729492,991.400024414063,0.466666668653488,0,0,0,1.20000004768372
17:59:30,|,22.5,18,75.8333358764648,991.433349609375,0.5,0,0,0,1.20000004768372
